pod_name,,pid,comm,cpu_activity
active-0,0,8,python,
active-0,1,8,python,
active-0,2,8,python,
active-0,3,8,python,
active-0,4,8,python,0.0758353472738196
active-0,5,8,python,0.0720148680390806
active-0,6,8,python,
active-0,7,8,python,0.0743685122330359
active-0,8,8,python,
active-0,9,8,python,0.075155410465643
active-0,10,8,python,
active-1,0,8,python,
active-1,1,8,python,
active-1,2,8,python,0.0009606936529179
active-1,3,8,python,0.0010318774831568
active-1,4,8,python,0.0009824243668405
active-1,5,8,python,0.0009211695713734
active-1,6,8,python,0.0010010582499996
active-1,7,8,python,0.0010101060796532
active-1,8,8,python,0.0008154467768053
active-1,9,8,python,0.0010268194717904
active-1,10,8,python,0.0010193786137059
active-10,0,8,python,
active-10,1,8,python,
active-10,2,8,python,0.0260145636156301
active-10,3,8,python,0.0238471372516754
active-10,4,8,python,0.0235176948831628
active-10,5,8,python,0.025251430256529
active-10,6,8,python,0.0240653344753388
active-10,7,8,python,0.0232957375682947
active-10,8,8,python,0.024615720253128
active-10,9,8,python,0.0227562943272557
active-11,0,8,python,
active-11,1,8,python,0.0006975171983566
active-11,2,8,python,0.0007540394490544
active-11,3,8,python,0.0006869362852223
active-11,4,8,python,0.0007157509879429
active-11,5,8,python,0.0007018582886545
active-11,6,8,python,0.0007073929773121
active-11,7,8,python,0.0007120597680573
active-11,8,8,python,0.0007143153127806
active-11,9,8,python,0.0007180135234909
active-12,0,8,python,
active-12,1,8,python,0.02211579738846
active-12,2,8,python,0.0239403648850255
active-12,3,8,python,0.0232142795081648
active-12,4,8,python,0.0223310888823979
active-12,5,8,python,
active-12,6,8,python,0.0237619699881063
active-12,7,8,python,0.0243401169801032
active-12,8,8,python,0.0259186362175669
active-12,9,8,python,0.0271796423703338
active-13,0,8,python,
active-13,1,8,python,
active-13,2,8,python,
active-13,3,8,python,0.0247539833736563
active-13,4,8,python,0.0233626788013861
active-13,5,8,python,0.0235756567790703
active-13,6,8,python,0.024394080617921
active-13,7,8,python,0.0225841062663968
active-13,8,8,python,0.0228576644705089
active-13,9,8,python,0.02484734806511
active-14,0,8,python,
active-14,1,8,python,
active-14,2,8,python,0.0685622752941905
active-14,3,8,python,
active-14,4,8,python,0.0694154665416899
active-14,5,8,python,
active-14,6,8,python,0.0733004160507462
active-14,7,8,python,0.0738566717530639
active-14,8,8,python,
active-14,9,8,python,
active-15,0,8,python,
active-15,1,8,python,0.0006987121988323
active-15,2,8,python,0.0008538923798987
active-15,3,8,python,0.0006842991739775
active-15,4,8,python,0.0007208814332068
active-15,5,8,python,0.0006965551120329
active-15,6,8,python,0.0007094536044616
active-15,7,8,python,0.0006118781849918
active-15,8,8,python,0.0007108758460214
active-15,9,8,python,0.0008205752649117
active-16,0,8,python,
active-16,1,8,python,0.0009607409747552
active-16,2,8,python,0.0010437401549746
active-16,3,8,python,0.000879759583556
active-16,4,8,python,0.0011328997467737
active-16,5,8,python,0.0008955294307311
active-16,6,8,python,0.0010141895214197
active-16,7,8,python,0.0010194181162663
active-16,8,8,python,0.000913733448783
active-16,9,8,python,0.0009230919067286
active-17,0,8,python,
active-17,1,8,python,0.000874163880334
active-17,2,8,python,0.0009487490796144
active-17,3,8,python,0.0010763083317055
active-17,4,8,python,0.0009260075222539
active-17,5,8,python,0.0008955458470653
active-17,6,8,python,0.0010141548025663
active-17,7,8,python,0.0009175330080609
active-17,8,8,python,0.0010151595735636
active-17,9,8,python,0.0009231886959533
active-18,0,8,python,
active-18,1,8,python,0.0732979724516294
active-18,2,8,python,
active-18,3,8,python,
active-18,4,8,python,
active-18,5,8,python,
active-18,6,8,python,
active-18,7,8,python,
active-18,8,8,python,
active-18,9,8,python,
active-19,0,8,python,
active-19,1,8,python,0.0010535253964672
active-19,2,8,python,0.0009452726702597
active-19,3,8,python,0.0009783889179458
active-19,4,8,python,0.0010278808121883
active-19,5,8,python,0.0009960297129416
active-19,6,8,python,0.0010141837903645
active-19,7,8,python,0.0010194294864556
active-19,8,8,python,0.0010152618966539
active-19,9,8,python,0.0009221348291957
active-2,0,8,python,
active-2,1,8,python,
active-2,2,8,python,
active-2,3,8,python,
active-2,4,8,python,
active-2,5,8,python,
active-2,6,8,python,
active-2,7,8,python,
active-2,8,8,python,
active-2,9,8,python,0.0726059542688493
active-20,0,8,python,
active-20,1,8,python,0.0009632707921641
active-20,2,8,python,0.0009461089263283
active-20,3,8,python,0.0009775476401828
active-20,4,8,python,0.0011305580052048
active-20,5,8,python,0.0009979447872173
active-20,6,8,python,0.0010143235367115
active-20,7,8,python,0.0010193063926865
active-20,8,8,python,0.0009137125680998
active-20,9,8,python,0.0009260130308501
active-21,0,8,python,
active-21,1,8,python,0.0246708958553207
active-21,2,8,python,0.025237179146617
active-21,3,8,python,0.0239720437173427
active-21,4,8,python,
active-21,5,8,python,0.0262730660457338
active-21,6,8,python,0.0233752062274099
active-21,7,8,python,
active-21,8,8,python,0.023929549814658
active-21,9,8,python,0.0228530754683806
active-22,0,8,python,
active-22,1,8,python,0.0009658100778546
active-22,2,8,python,0.0010407143937987
active-22,3,8,python,0.0009784699194084
active-22,4,8,python,0.0009212119529591
active-22,5,8,python,0.0010000406400983
active-22,6,8,python,0.0009146585477547
active-22,7,8,python,0.0010152529562911
active-22,8,8,python,0.0010183543835203
active-22,9,8,python,0.0009278617050715
active-23,0,8,python,
active-23,1,8,python,
active-23,2,8,python,0.0729469364579487
active-23,3,8,python,
active-23,4,8,python,0.075851170819606
active-23,5,8,python,0.0716669812162056
active-23,6,8,python,
active-23,7,8,python,
active-23,8,8,python,0.0741334255991292
active-23,9,8,python,
active-24,0,8,python,
active-24,1,8,python,
active-24,2,8,python,
active-24,3,8,python,
active-24,4,8,python,
active-24,5,8,python,0.0755789640933974
active-24,6,8,python,
active-24,7,8,python,
active-24,8,8,python,
active-24,9,8,python,
active-25,0,8,python,
active-25,1,8,python,0.0009657949350651
active-25,2,8,python,0.0009542204947042
active-25,3,8,python,0.0010720882774565
active-25,4,8,python,0.0008222734437312
active-25,5,8,python,0.0009054368622136
active-25,6,8,python,0.0009027476622632
active-25,7,8,python,0.0010151461633246
active-25,8,8,python,0.0009231318895914
active-25,9,8,python,0.0009222432466519
active-26,0,8,python,
active-26,1,8,python,0.0007894696522493
active-26,2,8,python,0.0015268026124451
active-26,3,8,python,0.000778261006682
active-26,4,8,python,0.0008247068774887
active-26,5,8,python,0.0011055964032988
active-26,6,8,python,0.0008048042641403
active-26,7,8,python,0.0007085075214164
active-26,8,8,python,0.000820561031488
active-26,9,8,python,0.0009221607552387
active-27,0,8,python,
active-27,1,8,python,
active-27,2,8,python,
active-27,3,8,python,0.0718727965423344
active-27,4,8,python,
active-27,5,8,python,0.0708573120529365
active-27,6,8,python,
active-27,7,8,python,0.0713989903029577
active-27,8,8,python,
active-27,9,8,python,
active-28,0,8,python,
active-28,1,8,python,0.0009615335351227
active-28,2,8,python,0.0009560865858522
active-28,3,8,python,0.0010752682137592
active-28,4,8,python,0.0008205639571958
active-28,5,8,python,0.0010050578759113
active-28,6,8,python,0.0010069791392885
active-28,7,8,python,0.0010142740601686
active-28,8,8,python,0.0010267214837124
active-28,9,8,python,0.0010193498236594
active-29,0,7,python,
active-29,1,7,python,0.0007881154721151
active-29,2,7,python,0.0006685886121997
active-29,3,7,python,0.0007827769873629
active-29,4,7,python,0.000615421744335
active-29,5,7,python,0.0008024245507395
active-29,6,7,python,0.0008072876799446
active-29,7,7,python,0.0007099655142042
active-29,8,7,python,0.0007186639416073
active-29,9,7,python,0.000815539694187
active-3,0,8,python,
active-3,1,8,python,0.069305281056959
active-3,2,8,python,0.071446229656976
active-3,3,8,python,
active-3,4,8,python,
active-3,5,8,python,
active-3,6,8,python,
active-3,7,8,python,
active-3,8,8,python,
active-3,9,8,python,0.0698068951760339
active-30,0,8,python,
active-30,1,8,python,
active-30,2,8,python,
active-30,3,8,python,0.0385498628713936
active-30,4,8,python,0.0366068658557776
active-30,5,8,python,
active-30,6,8,python,0.0383452708457411
active-30,7,8,python,0.0390092403472021
active-30,8,8,python,0.0388867969056532
active-30,9,8,python,0.0400026721293976
active-31,0,8,python,
active-31,1,8,python,0.0010563746395601
active-31,2,8,python,0.0009533294634386
active-31,3,8,python,0.0009823257716523
active-31,4,8,python,0.0010193209311964
active-31,5,8,python,0.000901863386927
active-31,6,8,python,0.0010090367948141
active-31,7,8,python,0.0009156853122529
active-31,8,8,python,0.0010277426367191
active-31,9,8,python,0.0010277244875939
active-32,0,8,python,
active-32,1,8,python,
active-32,2,8,python,0.0270118055004859
active-32,3,8,python,0.0238703927557146
active-32,4,8,python,0.0231414244434298
active-32,5,8,python,0.0237235960839269
active-32,6,8,python,0.0226371150672368
active-32,7,8,python,
active-32,8,8,python,0.0238141934707491
active-32,9,8,python,0.0243334651141992
active-33,0,8,python,
active-33,1,8,python,0.0271356350986163
active-33,2,8,python,0.0244998265901048
active-33,3,8,python,0.0253133243879996
active-33,4,8,python,0.0262836696782132
active-33,5,8,python,
active-33,6,8,python,0.0225382234887941
active-33,7,8,python,0.023615037691136
active-33,8,8,python,0.0225707737177118
active-33,9,8,python,0.0228115542735928
active-34,0,8,python,
active-34,1,8,python,0.0007936690747652
active-34,2,8,python,0.0007662917018727
active-34,3,8,python,0.0011765489140903
active-34,4,8,python,0.0008171669759464
active-34,5,8,python,0.0008981850546115
active-34,6,8,python,0.000912809537187
active-34,7,8,python,0.0008105574098495
active-34,8,8,python,0.0012333925020513
active-34,9,8,python,0.0009297294672999
active-35,0,8,python,
active-35,1,8,python,0.0254873092370325
active-35,2,8,python,0.025646218671387
active-35,3,8,python,0.0252224054319195
active-35,4,8,python,0.0252543178384351
active-35,5,8,python,0.0258998571103349
active-35,6,8,python,0.024841352239254
active-35,7,8,python,0.0238948784014594
active-35,8,8,python,
active-35,9,8,python,0.024569507862289
active-36,0,8,python,
active-36,1,8,python,0.00071051599536
active-36,2,8,python,0.0007662792245671
active-36,3,8,python,0.0013726896899854
active-36,4,8,python,0.000916488377811
active-36,5,8,python,0.0007013959024357
active-36,6,8,python,0.001012161623227
active-36,7,8,python,0.0016145996773166
active-36,8,8,python,0.0015432887765588
active-36,9,8,python,0.0009355622710329
active-37,0,8,python,
active-37,1,8,python,
active-37,2,8,python,0.0711686841730999
active-37,3,8,python,
active-37,4,8,python,0.0728311571476425
active-37,5,8,python,
active-37,6,8,python,
active-37,7,8,python,0.0732263967851441
active-37,8,8,python,
active-37,9,8,python,
active-38,0,8,python,
active-38,1,8,python,0.0007092454119336
active-38,2,8,python,0.0006750749428789
active-38,3,8,python,0.0006829262161033
active-38,4,8,python,0.0008190785140188
active-38,5,8,python,0.0006991349923343
active-38,6,8,python,0.0007078090742429
active-38,7,8,python,0.0007092443965866
active-38,8,8,python,0.0007164656015749
active-38,9,8,python,0.0007284528572586
active-39,0,8,python,
active-39,1,8,python,0.0007992574562795
active-39,2,8,python,0.0009662928717437
active-39,3,8,python,0.0009765756278229
active-39,4,8,python,0.0008196370830807
active-39,5,8,python,0.0013986698926446
active-39,6,8,python,0.0007071208108759
active-39,7,8,python,0.0009118256563818
active-39,8,8,python,0.0006135136914
active-39,9,8,python,0.0010395381024058
active-4,0,8,python,
active-4,1,8,python,
active-4,2,8,python,0.0702690589300158
active-4,3,8,python,
active-4,4,8,python,
active-4,5,8,python,0.0739272260890049
active-4,6,8,python,
active-4,7,8,python,
active-4,8,8,python,0.0726922134441619
active-4,9,8,python,0.0699889015674727
active-40,0,8,python,
active-40,1,8,python,0.0429332553396957
active-40,2,8,python,0.0415211004331164
active-40,3,8,python,0.0390450987496205
active-40,4,8,python,0.0411891209893435
active-40,5,8,python,0.0406632056654287
active-40,6,8,python,0.0378774146682074
active-40,7,8,python,0.0389069453355918
active-40,8,8,python,
active-40,9,8,python,0.0404173554576763
active-41,0,8,python,
active-41,1,8,python,0.0248245649810382
active-41,2,8,python,
active-41,3,8,python,
active-41,4,8,python,0.0266462917646829
active-41,5,8,python,0.0241767953595544
active-41,6,8,python,0.024319204342519
active-41,7,8,python,0.0236309316045898
active-41,8,8,python,0.025843730108133
active-41,9,8,python,0.0236953303183999
active-42,0,8,python,
active-42,1,8,python,0.0010609776595543
active-42,2,8,python,0.0009727962991703
active-42,3,8,python,0.0008781115695389
active-42,4,8,python,0.0010298466248426
active-42,5,8,python,0.0007999739998684
active-42,6,8,python,0.0010081400786072
active-42,7,8,python,0.0009128147375742
active-42,8,8,python,0.00081720639348
active-42,9,8,python,0.0009403609774822
active-43,0,8,python,
active-43,1,8,python,0.0007092427644562
active-43,2,8,python,0.0006809734103215
active-43,3,8,python,0.0007789308297784
active-43,4,8,python,0.0020577236838454
active-43,5,8,python,0.0013052721829797
active-43,6,8,python,0.0018055038737677
active-43,7,8,python,0.0008154736517376
active-43,8,8,python,0.0008155282532776
active-43,9,8,python,0.0009424537166453
active-44,0,8,python,
active-44,1,8,python,0.0250899262258074
active-44,2,8,python,0.0249033930941853
active-44,3,8,python,0.0257296816227527
active-44,4,8,python,0.0253851675515057
active-44,5,8,python,0.0245004506815603
active-44,6,8,python,0.0231672585588327
active-44,7,8,python,0.0235777616109899
active-44,8,8,python,0.024618284085587
active-44,9,8,python,0.0253670130932292
active-45,0,8,python,
active-45,1,8,python,0.0007123677767402
active-45,2,8,python,0.0007782386548023
active-45,3,8,python,0.0006796525935727
active-45,4,8,python,0.0008213609915444
active-45,5,8,python,0.000707079709974
active-45,6,8,python,0.0008016110124158
active-45,7,8,python,0.0007114308749563
active-45,8,8,python,0.0007149943077106
active-45,9,8,python,0.0007337951140505
active-46,0,8,python,
active-46,1,8,python,
active-46,2,8,python,
active-46,3,8,python,0.0409308032910146
active-46,4,8,python,0.0382979944913422
active-46,5,8,python,
active-46,6,8,python,0.036793266166462
active-46,7,8,python,0.0370825366782764
active-46,8,8,python,
active-46,9,8,python,0.034849098279228
active-47,0,8,python,
active-47,1,8,python,0.0383584636095067
active-47,2,8,python,0.0390269715191332
active-47,3,8,python,0.0399816413586405
active-47,4,8,python,0.0387704141379851
active-47,5,8,python,0.0371979345698111
active-47,6,8,python,0.0392144539392279
active-47,7,8,python,0.0364118899326839
active-47,8,8,python,0.0374746898558381
active-47,9,8,python,0.0376462886289678
active-48,0,8,python,
active-48,1,8,python,
active-48,2,8,python,0.0701078177216702
active-48,3,8,python,0.0724983949949064
active-48,4,8,python,0.0725404614607727
active-48,5,8,python,
active-48,6,8,python,
active-48,7,8,python,
active-48,8,8,python,
active-48,9,8,python,
active-49,0,7,python,
active-49,1,7,python,0.0008028579654973
active-49,2,7,python,0.0008876104654692
active-49,3,7,python,0.0011650656200045
active-49,4,7,python,0.001125929929752
active-49,5,7,python,0.0006024422320923
active-49,6,7,python,0.0007071189545482
active-49,7,7,python,0.0009155721265996
active-49,8,7,python,0.0007106233403441
active-49,9,7,python,0.0007345304312529
active-5,0,8,python,
active-5,1,8,python,0.0008960607578306
active-5,2,8,python,0.0009852726115731
active-5,3,8,python,0.0010690110227753
active-5,4,8,python,0.0009212134816735
active-5,5,8,python,0.0009035879795747
active-5,6,8,python,0.0010101906834915
active-5,7,8,python,0.0010173361600389
active-5,8,8,python,0.0009137280211733
active-5,9,8,python,0.0009434052224853
active-50,0,8,python,
active-50,1,8,python,0.0008079380536341
active-50,2,8,python,0.0007881761309454
active-50,3,8,python,0.0008755103967453
active-50,4,8,python,0.0008196718095773
active-50,5,8,python,0.0007035427570183
active-50,6,8,python,0.0007063847330676
active-50,7,8,python,0.0008122242489213
active-50,8,8,python,0.0007128221478644
active-50,9,8,python,0.0014675765174864
active-51,0,8,python,
active-51,1,8,python,0.0394415100597042
active-51,2,8,python,
active-51,3,8,python,0.0401957673593429
active-51,4,8,python,
active-51,5,8,python,
active-51,6,8,python,
active-51,7,8,python,0.0385929777852892
active-51,8,8,python,0.0364581510985232
active-51,9,8,python,0.0382599608059321
active-52,0,8,python,
active-52,1,8,python,0.0007240199439831
active-52,2,8,python,0.0007812482221238
active-52,3,8,python,0.0012720884563395
active-52,4,8,python,0.0010235383956783
active-52,5,8,python,0.0013052816038139
active-52,6,8,python,0.0008056460747903
active-52,7,8,python,0.0008163446333489
active-52,8,8,python,0.0007136216743652
active-52,9,8,python,0.000837715329002
active-53,0,8,python,
active-53,1,8,python,0.0364199162824931
active-53,2,8,python,0.0418152204233606
active-53,3,8,python,0.036631074369161
active-53,4,8,python,0.0358627758395486
active-53,5,8,python,
active-53,6,8,python,0.0376782583430031
active-53,7,8,python,
active-53,8,8,python,0.0368086981661449
active-53,9,8,python,0.0340338050769329
active-54,0,8,python,
active-54,1,8,python,0.0008182630018514
active-54,2,8,python,0.0006829059044454
active-54,3,8,python,0.0008815260351996
active-54,4,8,python,0.0008180166797582
active-54,5,8,python,0.000801572230937
active-54,6,8,python,0.000808921684272
active-54,7,8,python,0.0008114605130947
active-54,8,8,python,0.0007179311833096
active-54,9,8,python,0.0008377201999674
active-55,0,8,python,
active-55,1,8,python,0.0010010082755714
active-55,2,8,python,0.0007774498245593
active-55,3,8,python,0.0006876176657473
active-55,4,8,python,0.0010215124525787
active-55,5,8,python,0.0008032075532499
active-55,6,8,python,0.0008081011723283
active-55,7,8,python,0.0008122044194849
active-55,8,8,python,0.0008205267272136
active-55,9,8,python,0.0008377155172306
active-56,0,8,python,
active-56,1,8,python,0.0380505810853556
active-56,2,8,python,
active-56,3,8,python,0.0370539074416401
active-56,4,8,python,
active-56,5,8,python,0.0408874563935142
active-56,6,8,python,0.0379430392869093
active-56,7,8,python,0.0393295635696971
active-56,8,8,python,
active-56,9,8,python,
active-57,0,8,python,
active-57,1,8,python,
active-57,2,8,python,
active-57,3,8,python,0.0374015625139553
active-57,4,8,python,0.0393706700848287
active-57,5,8,python,
active-57,6,8,python,
active-57,7,8,python,0.0347260710627742
active-57,8,8,python,0.0373968195106119
active-57,9,8,python,0.0375537405974371
active-58,0,8,python,
active-58,1,8,python,0.0373845954821112
active-58,2,8,python,0.0409817694092868
active-58,3,8,python,0.0380471915467698
active-58,4,8,python,
active-58,5,8,python,0.0417517202372013
active-58,6,8,python,
active-58,7,8,python,
active-58,8,8,python,0.0377830331787514
active-58,9,8,python,0.0378016341198532
active-59,0,8,python,
active-59,1,8,python,
active-59,2,8,python,
active-59,3,8,python,0.0749988331315607
active-59,4,8,python,
active-59,5,8,python,0.0726716542779474
active-59,6,8,python,
active-59,7,8,python,0.0731115807409416
active-59,8,8,python,
active-59,9,8,python,
active-6,0,8,python,
active-6,1,8,python,0.0010184873737955
active-6,2,8,python,0.0008621136843139
active-6,3,8,python,0.0010060447103659
active-6,4,8,python,0.0010121253847133
active-6,5,8,python,0.0010112287804265
active-6,6,8,python,0.0009008589112248
active-6,7,8,python,0.0010204642731633
active-6,8,8,python,0.0009240143190249
active-6,9,8,python,0.0010439231302163
active-60,0,8,python,
active-60,1,8,python,
active-60,2,8,python,
active-60,3,8,python,0.0409099388889448
active-60,4,8,python,
active-60,5,8,python,
active-60,6,8,python,0.0408229560803112
active-60,7,8,python,
active-60,8,8,python,0.0368033734371262
active-60,9,8,python,0.038897643774156
active-61,0,8,python,
active-61,1,8,python,0.0237749129589224
active-61,2,8,python,0.025046781312306
active-61,3,8,python,0.0254568967022133
active-61,4,8,python,0.02575508404493
active-61,5,8,python,0.025381347929093
active-61,6,8,python,0.0230691492455325
active-61,7,8,python,0.0235780978204391
active-61,8,8,python,0.0224837111922446
active-61,9,8,python,
active-62,0,8,python,
active-62,1,8,python,0.0017609094888409
active-62,2,8,python,0.0018237471406981
active-62,3,8,python,0.0017169421581433
active-62,4,8,python,0.0017103554270341
active-62,5,8,python,0.0017241747543756
active-62,6,8,python,0.0018072079751124
active-62,7,8,python,0.0018289208079552
active-62,8,8,python,0.0016515393177947
active-62,9,8,python,0.0017633218910944
active-63,0,8,python,
active-63,1,8,python,
active-63,2,8,python,
active-63,3,8,python,
active-63,4,8,python,
active-63,5,8,python,0.042928852263198
active-63,6,8,python,0.041711578530849
active-63,7,8,python,0.0406502969396058
active-63,8,8,python,0.0427850858516924
active-63,9,8,python,0.0369689978906457
active-64,0,8,python,
active-64,1,8,python,0.0008326108124868
active-64,2,8,python,0.0007692265334447
active-64,3,8,python,0.0007078006602112
active-64,4,8,python,0.0008024357401606
active-64,5,8,python,0.0007121256323846
active-64,6,8,python,0.0007042365742547
active-64,7,8,python,0.0008138664446787
active-64,8,8,python,0.0007209158256679
active-64,9,8,python,0.0007268971101853
active-65,0,8,python,
active-65,1,8,python,
active-65,2,8,python,
active-65,3,8,python,0.0373740058662426
active-65,4,8,python,0.039719284160879
active-65,5,8,python,
active-65,6,8,python,0.0393592952480029
active-65,7,8,python,0.0385707536987854
active-65,8,8,python,0.0387634591211384
active-65,9,8,python,0.0382392295717868
active-66,0,8,python,
active-66,1,8,python,0.0410200114071547
active-66,2,8,python,0.0408448153435846
active-66,3,8,python,
active-66,4,8,python,0.0410257328990679
active-66,5,8,python,0.0397766021286496
active-66,6,8,python,0.0415008817109617
active-66,7,8,python,0.0382030042875475
active-66,8,8,python,0.0379781376046855
active-66,9,8,python,
active-67,0,8,python,
active-67,1,8,python,0.0229006185166131
active-67,2,8,python,0.0226683413546643
active-67,3,8,python,0.0239812777650199
active-67,4,8,python,0.0242468326618075
active-67,5,8,python,
active-67,6,8,python,0.0254567748756732
active-67,7,8,python,0.0241076446201682
active-67,8,8,python,0.0243056912524384
active-67,9,8,python,0.0242526991441146
active-68,0,8,python,
active-68,1,8,python,0.0253674701303595
active-68,2,8,python,
active-68,3,8,python,
active-68,4,8,python,0.0262945909173196
active-68,5,8,python,0.0236136292860437
active-68,6,8,python,0.0246466564823457
active-68,7,8,python,0.0235944289638675
active-68,8,8,python,
active-68,9,8,python,0.0232672744069387
active-7,0,8,python,
active-7,1,8,python,0.0010120261000806
active-7,2,8,python,0.0009624442332788
active-7,3,8,python,0.0008154849959837
active-7,4,8,python,0.0011112310932979
active-7,5,8,python,0.0011044300708876
active-7,6,8,python,0.0011178255872916
active-7,7,8,python,0.0010205187628447
active-7,8,8,python,0.0009258220082931
active-7,9,8,python,0.000929892255159
active-8,0,8,python,
active-8,1,8,python,0.0009200113930129
active-8,2,8,python,0.0009624385995082
active-8,3,8,python,0.0009184504392596
active-8,4,8,python,0.0011099724056859
active-8,5,8,python,0.0009045423583909
active-8,6,8,python,0.0010162655812793
active-8,7,8,python,0.0010214594662156
active-8,8,8,python,0.0009250112341168
active-8,9,8,python,0.0009297977218779
active-9,0,8,python,
active-9,1,8,python,0.0007366487799402
active-9,2,8,python,0.0006740311518805
active-9,3,8,python,0.0007139971254931
active-9,4,8,python,0.0008072955927783
active-9,5,8,python,0.0007035040432364
active-9,6,8,python,0.0008122275893113
active-9,7,8,python,0.0007157594437391
active-9,8,8,python,0.0007194490814252
active-9,9,8,python,0.0007231678317434
idle-0,0,7,python,
idle-0,1,7,python,0.0
idle-0,2,7,python,0.0
idle-0,3,7,python,0.0
idle-0,4,7,python,0.0
idle-0,5,7,python,0.0
idle-0,6,7,python,0.0001020400415465
idle-0,7,7,python,0.0
idle-0,8,7,python,0.0
idle-0,9,7,python,0.0
idle-1,0,8,python,
idle-1,1,8,python,0.0
idle-1,2,8,python,0.0
idle-1,3,8,python,0.0001016203117079
idle-1,4,8,python,0.0
idle-1,5,8,python,0.0
idle-1,6,8,python,0.0
idle-1,7,8,python,0.0
idle-1,8,8,python,0.0
idle-1,9,8,python,0.0
idle-10,0,8,python,
idle-10,1,8,python,0.0
idle-10,2,8,python,0.0
idle-10,3,8,python,0.0
idle-10,4,8,python,0.0
idle-10,5,8,python,0.0
idle-10,6,8,python,0.000102025404114
idle-10,7,8,python,0.0
idle-10,8,8,python,0.0
idle-10,9,8,python,0.0
idle-11,0,8,python,
idle-11,1,8,python,0.0
idle-11,2,8,python,0.0
idle-11,3,8,python,0.0
idle-11,4,8,python,0.0
idle-11,5,8,python,0.0
idle-11,6,8,python,0.0001020420987982
idle-11,7,8,python,0.0
idle-11,8,8,python,0.0
idle-11,9,8,python,0.0
idle-12,0,8,python,
idle-12,1,8,python,0.0
idle-12,2,8,python,0.0
idle-12,3,8,python,0.0
idle-12,4,8,python,0.0
idle-12,5,8,python,0.0
idle-12,6,8,python,0.0
idle-12,7,8,python,0.0
idle-12,8,8,python,0.0001029883688298
idle-12,9,8,python,0.0
idle-13,0,8,python,
idle-13,1,8,python,0.0
idle-13,2,8,python,0.0
idle-13,3,8,python,0.0
idle-13,4,8,python,0.0
idle-13,5,8,python,0.0
idle-13,6,8,python,0.0
idle-13,7,8,python,0.0
idle-13,8,8,python,0.000102991359742
idle-13,9,8,python,0.0
idle-14,0,8,python,
idle-14,1,8,python,0.0
idle-14,2,8,python,0.0
idle-14,3,8,python,0.0
idle-14,4,8,python,0.0
idle-14,5,8,python,0.0
idle-14,6,8,python,0.0
idle-14,7,8,python,0.0
idle-14,8,8,python,0.0
idle-14,9,8,python,0.0001028875922372
idle-15,0,8,python,
idle-15,1,8,python,0.0
idle-15,2,8,python,0.0
idle-15,3,8,python,0.0
idle-15,4,8,python,0.0
idle-15,5,8,python,0.0
idle-15,6,8,python,0.0
idle-15,7,8,python,0.0
idle-15,8,8,python,0.0
idle-15,9,8,python,0.0
idle-16,0,8,python,
idle-16,1,8,python,0.0
idle-16,2,8,python,0.0
idle-16,3,8,python,0.0
idle-16,4,8,python,0.0
idle-16,5,8,python,0.0
idle-16,6,8,python,0.0
idle-16,7,8,python,0.0
idle-16,8,8,python,0.0
idle-16,9,8,python,0.0
idle-17,0,8,python,
idle-17,1,8,python,0.0
idle-17,2,8,python,9.689879718657988e-05
idle-17,3,8,python,0.0
idle-17,4,8,python,0.0
idle-17,5,8,python,0.0
idle-17,6,8,python,0.0
idle-17,7,8,python,0.0
idle-17,8,8,python,0.0
idle-17,9,8,python,0.0
idle-18,0,8,python,
idle-18,1,8,python,0.0
idle-18,2,8,python,0.0
idle-18,3,8,python,0.0
idle-18,4,8,python,0.0
idle-18,5,8,python,0.0
idle-18,6,8,python,0.0
idle-18,7,8,python,0.0
idle-18,8,8,python,0.0
idle-18,9,8,python,0.0
idle-19,0,8,python,
idle-19,1,8,python,0.0
idle-19,2,8,python,0.0
idle-19,3,8,python,0.0
idle-19,4,8,python,0.0
idle-19,5,8,python,0.0
idle-19,6,8,python,0.0
idle-19,7,8,python,0.0
idle-19,8,8,python,0.000102780222334
idle-19,9,8,python,0.0
idle-2,0,8,python,
idle-2,1,8,python,0.0
idle-2,2,8,python,0.0
idle-2,3,8,python,0.0
idle-2,4,8,python,0.0
idle-2,5,8,python,0.0
idle-2,6,8,python,0.0
idle-2,7,8,python,0.0
idle-2,8,8,python,0.0
idle-2,9,8,python,0.0
idle-20,0,8,python,
idle-20,1,8,python,0.0
idle-20,2,8,python,0.0
idle-20,3,8,python,0.0
idle-20,4,8,python,0.0
idle-20,5,8,python,0.0
idle-20,6,8,python,0.0
idle-20,7,8,python,0.0001025696358038
idle-20,8,8,python,0.0
idle-20,9,8,python,0.0
idle-21,0,8,python,
idle-21,1,8,python,0.0
idle-21,2,8,python,0.0
idle-21,3,8,python,0.0
idle-21,4,8,python,0.0
idle-21,5,8,python,0.0
idle-21,6,8,python,0.0
idle-21,7,8,python,0.0
idle-21,8,8,python,0.0
idle-21,9,8,python,0.0
idle-22,0,8,python,
idle-22,1,8,python,0.0
idle-22,2,8,python,0.0
idle-22,3,8,python,0.0
idle-22,4,8,python,0.0
idle-22,5,8,python,0.0001004039844767
idle-22,6,8,python,0.0
idle-22,7,8,python,0.0
idle-22,8,8,python,0.0
idle-22,9,8,python,0.0
idle-23,0,8,python,
idle-23,1,8,python,9.345944393098828e-05
idle-23,2,8,python,0.0
idle-23,3,8,python,0.0
idle-23,4,8,python,0.0
idle-23,5,8,python,0.0
idle-23,6,8,python,0.0
idle-23,7,8,python,0.0
idle-23,8,8,python,0.0
idle-23,9,8,python,0.0
idle-24,0,8,python,
idle-24,1,8,python,9.346021050812192e-05
idle-24,2,8,python,0.0
idle-24,3,8,python,0.0
idle-24,4,8,python,0.0
idle-24,5,8,python,0.0
idle-24,6,8,python,0.0
idle-24,7,8,python,0.0
idle-24,8,8,python,0.0
idle-24,9,8,python,0.0
idle-25,0,8,python,
idle-25,1,8,python,0.0
idle-25,2,8,python,0.0
idle-25,3,8,python,0.0001017313552687
idle-25,4,8,python,0.0
idle-25,5,8,python,0.0
idle-25,6,8,python,0.0
idle-25,7,8,python,0.0
idle-25,8,8,python,0.0
idle-25,9,8,python,0.0
idle-26,0,8,python,
idle-26,1,8,python,0.0
idle-26,2,8,python,0.0
idle-26,3,8,python,0.0
idle-26,4,8,python,0.0
idle-26,5,8,python,0.0
idle-26,6,8,python,0.0
idle-26,7,8,python,0.0
idle-26,8,8,python,0.0001027844464517
idle-26,9,8,python,0.0
idle-27,0,8,python,
idle-27,1,8,python,0.0
idle-27,2,8,python,9.719385370134076e-05
idle-27,3,8,python,0.0
idle-27,4,8,python,0.0
idle-27,5,8,python,0.0
idle-27,6,8,python,0.0001018373763418
idle-27,7,8,python,0.0
idle-27,8,8,python,0.0
idle-27,9,8,python,0.0
idle-28,0,8,python,
idle-28,1,8,python,0.0
idle-28,2,8,python,0.0
idle-28,3,8,python,0.0
idle-28,4,8,python,0.0
idle-28,5,8,python,0.0
idle-28,6,8,python,0.0
idle-28,7,8,python,0.0
idle-28,8,8,python,0.0
idle-28,9,8,python,0.0001027757112157
idle-29,0,8,python,
idle-29,1,8,python,0.0
idle-29,2,8,python,9.746394991600944e-05
idle-29,3,8,python,0.0
idle-29,4,8,python,0.0
idle-29,5,8,python,0.0
idle-29,6,8,python,0.0
idle-29,7,8,python,0.0
idle-29,8,8,python,0.0
idle-29,9,8,python,0.0
idle-3,0,8,python,
idle-3,1,8,python,0.0
idle-3,2,8,python,0.0
idle-3,3,8,python,0.0
idle-3,4,8,python,0.0
idle-3,5,8,python,0.0
idle-3,6,8,python,0.0
idle-3,7,8,python,0.0
idle-3,8,8,python,0.0
idle-3,9,8,python,0.0
idle-30,0,8,python,
idle-30,1,8,python,0.0
idle-30,2,8,python,0.0
idle-30,3,8,python,0.0
idle-30,4,8,python,0.0
idle-30,5,8,python,0.0
idle-30,6,8,python,0.000101836611324
idle-30,7,8,python,0.0001025703446514
idle-30,8,8,python,0.0
idle-30,9,8,python,0.0
idle-4,0,8,python,
idle-4,1,8,python,0.0
idle-4,2,8,python,0.0
idle-4,3,8,python,0.0
idle-4,4,8,python,0.0
idle-4,5,8,python,0.0
idle-4,6,8,python,0.0
idle-4,7,8,python,0.0
idle-4,8,8,python,0.0
idle-4,9,8,python,0.0
idle-5,0,8,python,
idle-5,1,8,python,0.0
idle-5,2,8,python,0.0
idle-5,3,8,python,0.0
idle-5,4,8,python,0.0001006080879154
idle-5,5,8,python,0.0
idle-5,6,8,python,0.0
idle-5,7,8,python,0.0
idle-5,8,8,python,0.0
idle-5,9,8,python,0.0
idle-6,0,7,python,
idle-6,1,7,python,9.381258786674026e-05
idle-6,2,7,python,0.0
idle-6,3,7,python,0.0
idle-6,4,7,python,0.0
idle-6,5,7,python,0.0
idle-6,6,7,python,0.0
idle-6,7,7,python,0.0
idle-6,8,7,python,0.0
idle-6,9,7,python,0.0
idle-7,0,8,python,
idle-7,1,8,python,0.0
idle-7,2,8,python,0.0
idle-7,3,8,python,0.0
idle-7,4,8,python,0.0
idle-7,5,8,python,0.0
idle-7,6,8,python,0.0
idle-7,7,8,python,0.000102461205311
idle-7,8,8,python,0.0
idle-7,9,8,python,0.0
idle-8,0,8,python,
idle-8,1,8,python,0.0
idle-8,2,8,python,0.0
idle-8,3,8,python,0.0
idle-8,4,8,python,0.0
idle-8,5,8,python,0.0
idle-8,6,8,python,0.0
idle-8,7,8,python,0.0
idle-8,8,8,python,0.0
idle-8,9,8,python,0.0
idle-9,0,8,python,
idle-9,1,8,python,0.0
idle-9,2,8,python,0.0
idle-9,3,8,python,0.0
idle-9,4,8,python,0.0
idle-9,5,8,python,0.0001005060002501
idle-9,6,8,python,0.0
idle-9,7,8,python,0.0
idle-9,8,8,python,0.0
idle-9,9,8,python,0.0
