pod_name,,state,reason,cpu_activity
active-0,0,ACTIVE,Running_state,
active-0,1,ACTIVE,Running_state,0.0723638922845
active-0,2,ACTIVE,Running_state,0.0694945499633487
active-0,3,ACTIVE,high_cpu_activity,0.0748456669423747
active-0,4,ACTIVE,high_cpu_activity,0.0721147495174008
active-0,5,ACTIVE,Running_state,0.0749531476462011
active-0,6,ACTIVE,Running_state,0.0733232687295368
active-0,7,ACTIVE,high_cpu_activity,0.068678212067082
active-0,8,ACTIVE,Running_state,0.0696769585754748
active-0,9,ACTIVE,Running_state,0.0740996140648857
active-1,0,IDLE,cpu_activity_None,
active-1,1,ACTIVE,low_cpu_activity_1h,0.0011214983333215
active-1,2,ACTIVE,low_cpu_activity_1h,0.0010946253484713
active-1,3,ACTIVE,low_cpu_activity_1h,0.0011362764169675
active-1,4,ACTIVE,low_cpu_activity_1h,0.0010031067532749
active-1,5,ACTIVE,low_cpu_activity_1h,0.0009326897655643
active-1,6,ACTIVE,low_cpu_activity_1h,0.0011066359015688
active-1,7,ACTIVE,low_cpu_activity_1h,0.0009533358017181
active-1,8,ACTIVE,low_cpu_activity_1h,0.0010472468761546
active-1,9,ACTIVE,low_cpu_activity_1h,0.0011317128947058
active-10,0,ACTIVE,Running_state,
active-10,1,ACTIVE,high_cpu_activity,0.0718976192736519
active-10,2,ACTIVE,high_cpu_activity,0.0701193480077325
active-10,3,ACTIVE,high_cpu_activity,0.0700110900343052
active-10,4,ACTIVE,Running_state,0.0692991863729841
active-10,5,ACTIVE,Running_state,0.068537357826591
active-10,6,ACTIVE,high_cpu_activity,0.073260311925242
active-10,7,ACTIVE,high_cpu_activity,0.0719298706317143
active-10,8,ACTIVE,Running_state,0.0689259296922064
active-10,9,ACTIVE,high_cpu_activity,0.0716829643359475
active-11,0,IDLE,cpu_activity_None,
active-11,1,ACTIVE,high_cpu_activity,0.0250703287990701
active-11,2,ACTIVE,high_cpu_activity,0.0240057655410857
active-11,3,ACTIVE,high_cpu_activity,0.0254406069407121
active-11,4,ACTIVE,high_cpu_activity,0.0237292709650192
active-11,5,ACTIVE,high_cpu_activity,0.0235482449495588
active-11,6,ACTIVE,high_cpu_activity,0.0229290827090863
active-11,7,ACTIVE,high_cpu_activity,0.0240476187132609
active-11,8,ACTIVE,high_cpu_activity,0.0221885820051224
active-11,9,ACTIVE,high_cpu_activity,0.0238139205936036
active-12,0,IDLE,cpu_activity_None,
active-12,1,ACTIVE,low_cpu_activity_1h,0.0009416639418801
active-12,2,ACTIVE,low_cpu_activity_1h,0.0009970327280773
active-12,3,ACTIVE,low_cpu_activity_1h,0.0008281758368472
active-12,4,ACTIVE,low_cpu_activity_1h,0.0009969782837143
active-12,5,ACTIVE,low_cpu_activity_1h,0.0009307495154213
active-12,6,ACTIVE,low_cpu_activity_1h,0.0010141708571043
active-12,7,ACTIVE,low_cpu_activity_1h,0.0009524977070972
active-12,8,ACTIVE,low_cpu_activity_1h,0.0008333547874185
active-12,9,ACTIVE,low_cpu_activity_1h,0.0009268879068229
active-13,0,IDLE,cpu_activity_None,
active-13,1,ACTIVE,low_cpu_activity_1h,0.0010367969545124
active-13,2,ACTIVE,low_cpu_activity_1h,0.0009970145856156
active-13,3,ACTIVE,low_cpu_activity_1h,0.0009316991433103
active-13,4,ACTIVE,low_cpu_activity_1h,0.0009960686637211
active-13,5,ACTIVE,low_cpu_activity_1h,0.0009316757226522
active-13,6,ACTIVE,low_cpu_activity_1h,0.0010151768786518
active-13,7,ACTIVE,low_cpu_activity_1h,0.0010560739215487
active-13,8,ACTIVE,low_cpu_activity_1h,0.0008342196232968
active-13,9,ACTIVE,low_cpu_activity_1h,0.0009269113650554
active-14,0,IDLE,cpu_activity_None,
active-14,1,ACTIVE,Running_state,0.0758937169801604
active-14,2,ACTIVE,Running_state,0.073653713325076
active-14,3,ACTIVE,high_cpu_activity,0.0740907077771557
active-14,4,ACTIVE,Running_state,0.0729455929322868
active-14,5,ACTIVE,high_cpu_activity,0.0700594597680229
active-14,6,ACTIVE,high_cpu_activity,0.0703640516463168
active-14,7,ACTIVE,high_cpu_activity,0.0688806162317188
active-14,8,ACTIVE,Running_state,0.0714313150701366
active-14,9,ACTIVE,Running_state,0.0726913618155768
active-15,0,ACTIVE,Running_state,
active-15,1,ACTIVE,high_cpu_activity,0.0728820627376288
active-15,2,ACTIVE,Running_state,0.0715884593169676
active-15,3,ACTIVE,Running_state,0.073776191537994
active-15,4,ACTIVE,high_cpu_activity,0.0718986779763583
active-15,5,ACTIVE,Running_state,0.071947293348944
active-15,6,ACTIVE,high_cpu_activity,0.0717039018741777
active-15,7,ACTIVE,Running_state,0.0725132690882439
active-15,8,ACTIVE,high_cpu_activity,0.0700519200284153
active-15,9,ACTIVE,high_cpu_activity,0.0725918654723315
active-16,0,IDLE,cpu_activity_None,
active-16,1,ACTIVE,low_cpu_activity_1h,0.0007554094694808
active-16,2,ACTIVE,low_cpu_activity_1h,0.0007976725700333
active-16,3,ACTIVE,low_cpu_activity_1h,0.0006232682860184
active-16,4,ACTIVE,low_cpu_activity_1h,0.0006966945716937
active-16,5,ACTIVE,low_cpu_activity_1h,0.0008268470452386
active-16,6,ACTIVE,low_cpu_activity_1h,0.0007154723516175
active-16,7,ACTIVE,low_cpu_activity_1h,0.0007340872952053
active-16,8,ACTIVE,low_cpu_activity_1h,0.0007337604591992
active-16,9,ACTIVE,low_cpu_activity_1h,0.0007186972537172
active-17,0,ACTIVE,Running_state,
active-17,1,ACTIVE,high_cpu_activity,0.069264130246742
active-17,2,ACTIVE,Running_state,0.0706772693475516
active-17,3,ACTIVE,high_cpu_activity,0.0690328637199687
active-17,4,ACTIVE,Running_state,0.0703380115125925
active-17,5,ACTIVE,Running_state,0.0687724192221072
active-17,6,ACTIVE,high_cpu_activity,0.0704504533811258
active-17,7,ACTIVE,Running_state,0.0712489712685308
active-17,8,ACTIVE,Running_state,0.0702649367605503
active-17,9,ACTIVE,Running_state,0.0745130088607879
active-18,0,IDLE,cpu_activity_None,
active-18,1,ACTIVE,high_cpu_activity,0.0734560674461708
active-18,2,ACTIVE,Running_state,0.0715167453213694
active-18,3,ACTIVE,Running_state,0.0676422586169945
active-18,4,ACTIVE,Running_state,0.0696752714105773
active-18,5,ACTIVE,Running_state,0.0674253937103662
active-18,6,ACTIVE,Running_state,0.0689895172578078
active-18,7,ACTIVE,Running_state,0.0702213317367577
active-18,8,ACTIVE,Running_state,0.0700615665596694
active-18,9,ACTIVE,high_cpu_activity,0.0713879656939907
active-19,0,ACTIVE,Running_state,
active-19,1,ACTIVE,Running_state,0.072313691581615
active-19,2,ACTIVE,Running_state,0.0702987110651141
active-19,3,ACTIVE,Running_state,0.0708052110202363
active-19,4,ACTIVE,Running_state,0.0724952295226309
active-19,5,ACTIVE,Running_state,0.0729906670462472
active-19,6,ACTIVE,Running_state,0.07211574855052
active-19,7,ACTIVE,high_cpu_activity,0.0731579751546586
active-19,8,ACTIVE,Running_state,0.0702231332223767
active-19,9,ACTIVE,high_cpu_activity,0.0721713109043953
active-2,0,IDLE,cpu_activity_None,
active-2,1,ACTIVE,low_cpu_activity_1h,0.0009497099844835
active-2,2,ACTIVE,low_cpu_activity_1h,0.0009911680449012
active-2,3,ACTIVE,low_cpu_activity_1h,0.0009394619749328
active-2,4,ACTIVE,low_cpu_activity_1h,0.0009911153773506
active-2,5,ACTIVE,low_cpu_activity_1h,0.0010330135806786
active-2,6,ACTIVE,low_cpu_activity_1h,0.0009183736542507
active-2,7,ACTIVE,low_cpu_activity_1h,0.0008421729208227
active-2,8,ACTIVE,low_cpu_activity_1h,0.0010449897389021
active-2,9,ACTIVE,low_cpu_activity_1h,0.0010384396863773
active-20,0,ACTIVE,Running_state,
active-20,1,ACTIVE,Running_state,0.0712396481391864
active-20,2,ACTIVE,Running_state,0.0723500396238525
active-20,3,ACTIVE,Running_state,0.0720270028747712
active-20,4,ACTIVE,Running_state,0.0741085434293077
active-20,5,ACTIVE,Running_state,0.0755690022153455
active-20,6,ACTIVE,high_cpu_activity,0.0732372634127248
active-20,7,ACTIVE,Running_state,0.0715509384675967
active-20,8,ACTIVE,Running_state,0.07286259325279
active-20,9,ACTIVE,Running_state,0.0694733519193492
active-21,0,IDLE,cpu_activity_None,
active-21,1,ACTIVE,high_cpu_activity,0.0251204945737721
active-21,2,ACTIVE,high_cpu_activity,0.0267881436867441
active-21,3,ACTIVE,high_cpu_activity,0.0238099784372968
active-21,4,ACTIVE,high_cpu_activity,0.0250888175337791
active-21,5,ACTIVE,high_cpu_activity,0.0247437427007765
active-21,6,ACTIVE,high_cpu_activity,0.0260727706012668
active-21,7,ACTIVE,Running_state,0.0239810568111232
active-21,8,ACTIVE,high_cpu_activity,0.0238198580118747
active-21,9,ACTIVE,high_cpu_activity,0.022822120693334
active-22,0,IDLE,cpu_activity_None,
active-22,1,ACTIVE,low_cpu_activity_1h,0.0006692468970147
active-22,2,ACTIVE,low_cpu_activity_1h,0.0006951527400178
active-22,3,ACTIVE,low_cpu_activity_1h,0.000835169844127
active-22,4,ACTIVE,low_cpu_activity_1h,0.0006937203884315
active-22,5,ACTIVE,low_cpu_activity_1h,0.0007216810198055
active-22,6,ACTIVE,low_cpu_activity_1h,0.0008179771162231
active-22,7,ACTIVE,low_cpu_activity_1h,0.0007330443468399
active-22,8,ACTIVE,low_cpu_activity_1h,0.000839599044747
active-22,9,ACTIVE,low_cpu_activity_1h,0.0006228736269576
active-23,0,IDLE,cpu_activity_None,
active-23,1,ACTIVE,low_cpu_activity_1h,0.0006698447375568
active-23,2,ACTIVE,low_cpu_activity_1h,0.0007952230221462
active-23,3,ACTIVE,low_cpu_activity_1h,0.0006268242301156
active-23,4,ACTIVE,low_cpu_activity_1h,0.00079230641603
active-23,5,ACTIVE,low_cpu_activity_1h,0.0007217008207796
active-23,6,ACTIVE,low_cpu_activity_1h,0.0007163060321424
active-23,7,ACTIVE,low_cpu_activity_1h,0.000627804756574
active-23,8,ACTIVE,low_cpu_activity_1h,0.0007345353341228
active-23,9,ACTIVE,low_cpu_activity_1h,0.000831059743988
active-24,0,IDLE,cpu_activity_None,
active-24,1,ACTIVE,low_cpu_activity_1h,0.0006705302254934
active-24,2,ACTIVE,low_cpu_activity_1h,0.0007952190889256
active-24,3,ACTIVE,low_cpu_activity_1h,0.0007315012389972
active-24,4,ACTIVE,low_cpu_activity_1h,0.0007920722804971
active-24,5,ACTIVE,low_cpu_activity_1h,0.0007216801310756
active-24,6,ACTIVE,low_cpu_activity_1h,0.0008188457292739
active-24,7,ACTIVE,low_cpu_activity_1h,0.0006282686861279
active-24,8,ACTIVE,low_cpu_activity_1h,0.0008393412263278
active-24,9,ACTIVE,low_cpu_activity_1h,0.0007262723953038
active-25,0,ACTIVE,Running_state,
active-25,1,ACTIVE,high_cpu_activity,0.0233868213564548
active-25,2,ACTIVE,high_cpu_activity,0.0241322911218764
active-25,3,ACTIVE,Running_state,0.0228841362427988
active-25,4,ACTIVE,high_cpu_activity,0.0250754039171405
active-25,5,ACTIVE,high_cpu_activity,0.0226816733205125
active-25,6,ACTIVE,high_cpu_activity,0.025096552250634
active-25,7,ACTIVE,Running_state,0.0234932754480137
active-25,8,ACTIVE,high_cpu_activity,0.0232148412224748
active-25,9,ACTIVE,high_cpu_activity,0.0208726414169405
active-26,0,IDLE,cpu_activity_None,
active-26,1,ACTIVE,high_cpu_activity,0.0731255882248304
active-26,2,ACTIVE,Running_state,0.07346788082062
active-26,3,ACTIVE,Running_state,0.0749003544775535
active-26,4,ACTIVE,high_cpu_activity,0.0666330749209315
active-26,5,ACTIVE,high_cpu_activity,0.0740957818474486
active-26,6,ACTIVE,high_cpu_activity,0.0736745990044267
active-26,7,ACTIVE,Running_state,0.0696787397011899
active-26,8,ACTIVE,high_cpu_activity,0.0678989887559336
active-26,9,ACTIVE,Running_state,0.0734270213226306
active-27,0,IDLE,cpu_activity_None,
active-27,1,ACTIVE,low_cpu_activity_1h,0.0008678981274382
active-27,2,ACTIVE,low_cpu_activity_1h,0.0010880182977952
active-27,3,ACTIVE,low_cpu_activity_1h,0.0009376158545454
active-27,4,ACTIVE,low_cpu_activity_1h,0.0009969288971821
active-27,5,ACTIVE,low_cpu_activity_1h,0.0010321063258618
active-27,6,ACTIVE,low_cpu_activity_1h,0.0009221605795251
active-27,7,ACTIVE,low_cpu_activity_1h,0.0010384343849953
active-27,8,ACTIVE,low_cpu_activity_1h,0.0009503537341334
active-27,9,ACTIVE,low_cpu_activity_1h,0.0008273642796203
active-28,0,IDLE,cpu_activity_None,
active-28,1,ACTIVE,low_cpu_activity_1h,0.0006763462652302
active-28,2,ACTIVE,low_cpu_activity_1h,0.0007916253467651
active-28,3,ACTIVE,low_cpu_activity_1h,0.0007288738432594
active-28,4,ACTIVE,low_cpu_activity_1h,0.0005982186897728
active-28,5,ACTIVE,low_cpu_activity_1h,0.0007231061779065
active-28,6,ACTIVE,low_cpu_activity_1h,0.0008189023302025
active-28,7,ACTIVE,low_cpu_activity_1h,0.000726924716058
active-28,8,ACTIVE,low_cpu_activity_1h,0.000739183600097
active-28,9,ACTIVE,low_cpu_activity_1h,0.0007239210626797
active-29,0,IDLE,cpu_activity_None,
active-29,1,ACTIVE,low_cpu_activity_1h,0.000870402433722
active-29,2,ACTIVE,low_cpu_activity_1h,0.0009910492317265
active-29,3,ACTIVE,low_cpu_activity_1h,0.0010396093511531
active-29,4,ACTIVE,low_cpu_activity_1h,0.000895531019862
active-29,5,ACTIVE,low_cpu_activity_1h,0.0009316957537382
active-29,6,ACTIVE,low_cpu_activity_1h,0.0011270171491979
active-29,7,ACTIVE,low_cpu_activity_1h,0.0009337038381029
active-29,8,ACTIVE,low_cpu_activity_1h,0.0010559524189799
active-29,9,ACTIVE,low_cpu_activity_1h,0.0011376010095101
active-3,0,IDLE,cpu_activity_None,
active-3,1,ACTIVE,Running_state,0.0758220336778126
active-3,2,ACTIVE,Running_state,0.0739091747474415
active-3,3,ACTIVE,Running_state,0.0711645785622267
active-3,4,ACTIVE,Running_state,0.0719864349545056
active-3,5,ACTIVE,Running_state,0.0741178110779968
active-3,6,ACTIVE,high_cpu_activity,0.070096871544009
active-3,7,ACTIVE,high_cpu_activity,0.0722297027925619
active-3,8,ACTIVE,Running_state,0.0730251930868468
active-3,9,ACTIVE,Running_state,0.0708082406136782
active-30,0,IDLE,cpu_activity_None,
active-30,1,ACTIVE,high_cpu_activity,0.0241096661657737
active-30,2,ACTIVE,high_cpu_activity,0.0235885556796752
active-30,3,ACTIVE,high_cpu_activity,0.0251811464478229
active-30,4,ACTIVE,high_cpu_activity,0.0252759676957481
active-30,5,ACTIVE,high_cpu_activity,0.0250509353176332
active-30,6,ACTIVE,high_cpu_activity,0.0254879089708855
active-30,7,ACTIVE,high_cpu_activity,0.0233186486284016
active-30,8,ACTIVE,high_cpu_activity,0.0225846711574891
active-30,9,ACTIVE,high_cpu_activity,0.0230632614575562
active-31,0,IDLE,cpu_activity_None,
active-31,1,ACTIVE,high_cpu_activity,0.0226093278231162
active-31,2,ACTIVE,high_cpu_activity,0.023885300662444
active-31,3,ACTIVE,high_cpu_activity,0.0244794582047869
active-31,4,ACTIVE,high_cpu_activity,0.0232571824384585
active-31,5,ACTIVE,high_cpu_activity,0.0243283306385265
active-31,6,ACTIVE,high_cpu_activity,0.0234412636215573
active-31,7,ACTIVE,high_cpu_activity,0.023950163646502
active-31,8,ACTIVE,high_cpu_activity,0.0244543673598903
active-31,9,ACTIVE,high_cpu_activity,0.0231807607390406
active-32,0,ACTIVE,Running_state,
active-32,1,ACTIVE,Running_state,0.0706008296219464
active-32,2,ACTIVE,Running_state,0.0710784312319678
active-32,3,ACTIVE,Running_state,0.0734987272388614
active-32,4,ACTIVE,Running_state,0.0735784608564444
active-32,5,ACTIVE,high_cpu_activity,0.0748491095522895
active-32,6,ACTIVE,high_cpu_activity,0.0698557002571472
active-32,7,ACTIVE,high_cpu_activity,0.0719217060510059
active-32,8,ACTIVE,Running_state,0.0707401964824171
active-32,9,ACTIVE,Running_state,0.0672237061578642
active-33,0,IDLE,cpu_activity_None,
active-33,1,ACTIVE,Running_state,0.0386489157126054
active-33,2,ACTIVE,high_cpu_activity,0.0373765906273849
active-33,3,ACTIVE,high_cpu_activity,0.0393570381441465
active-33,4,ACTIVE,Running_state,0.0371410996941753
active-33,5,ACTIVE,Running_state,0.0367898955945344
active-33,6,ACTIVE,high_cpu_activity,0.0384141424175819
active-33,7,ACTIVE,Running_state,0.0393562573577686
active-33,8,ACTIVE,Running_state,0.0385033907834628
active-33,9,ACTIVE,high_cpu_activity,0.0384765186941843
active-34,0,IDLE,cpu_activity_None,
active-34,1,ACTIVE,Running_state,0.0399062018518093
active-34,2,ACTIVE,high_cpu_activity,0.0428968723553335
active-34,3,ACTIVE,Running_state,0.0387038731224091
active-34,4,ACTIVE,high_cpu_activity,0.0377488830214412
active-34,5,ACTIVE,Running_state,0.0381452105658886
active-34,6,ACTIVE,Running_state,0.0395873826400768
active-34,7,ACTIVE,high_cpu_activity,0.0388186696826913
active-34,8,ACTIVE,high_cpu_activity,0.03547113727007
active-34,9,ACTIVE,high_cpu_activity,0.0366906044428227
active-35,0,IDLE,cpu_activity_None,
active-35,1,ACTIVE,high_cpu_activity,0.0416459194583416
active-35,2,ACTIVE,high_cpu_activity,0.0396578340198831
active-35,3,ACTIVE,Running_state,0.038196404483308
active-35,4,ACTIVE,Running_state,0.0404398171912981
active-35,5,ACTIVE,high_cpu_activity,0.0400198063069219
active-35,6,ACTIVE,high_cpu_activity,0.0415537335366474
active-35,7,ACTIVE,high_cpu_activity,0.037762147600192
active-35,8,ACTIVE,Running_state,0.0371768194097829
active-35,9,ACTIVE,high_cpu_activity,0.0375529007710646
active-36,0,IDLE,cpu_activity_None,
active-36,1,ACTIVE,low_cpu_activity_1h,0.0006763641551864
active-36,2,ACTIVE,low_cpu_activity_1h,0.0008008316990986
active-36,3,ACTIVE,low_cpu_activity_1h,0.0007179504261646
active-36,4,ACTIVE,low_cpu_activity_1h,0.0006993278669125
active-36,5,ACTIVE,low_cpu_activity_1h,0.0007248967086566
active-36,6,ACTIVE,low_cpu_activity_1h,0.0008278905097833
active-36,7,ACTIVE,low_cpu_activity_1h,0.0006230521530583
active-36,8,ACTIVE,low_cpu_activity_1h,0.0007261752774091
active-36,9,ACTIVE,low_cpu_activity_1h,0.0007333784110967
active-37,0,IDLE,cpu_activity_None,
active-37,1,ACTIVE,low_cpu_activity_1h,0.0006743972467659
active-37,2,ACTIVE,low_cpu_activity_1h,0.0007035085136894
active-37,3,ACTIVE,low_cpu_activity_1h,0.0008204979552504
active-37,4,ACTIVE,low_cpu_activity_1h,0.0007968403334153
active-37,5,ACTIVE,low_cpu_activity_1h,0.0019730740102879
active-37,6,ACTIVE,low_cpu_activity_1h,0.0012422235906445
active-37,7,ACTIVE,low_cpu_activity_1h,0.0008307957258717
active-37,8,ACTIVE,low_cpu_activity_1h,0.0008298756307368
active-37,9,ACTIVE,low_cpu_activity_1h,0.0007330179926645
active-38,0,IDLE,cpu_activity_None,
active-38,1,ACTIVE,Running_state,0.0407509194113412
active-38,2,ACTIVE,Running_state,0.0397196321831249
active-38,3,ACTIVE,high_cpu_activity,0.0388037366887589
active-38,4,ACTIVE,high_cpu_activity,0.0414750402322021
active-38,5,ACTIVE,Running_state,0.0374371276850686
active-38,6,ACTIVE,high_cpu_activity,0.0381766868036744
active-38,7,ACTIVE,high_cpu_activity,0.0406850156146215
active-38,8,ACTIVE,high_cpu_activity,0.0375155620760117
active-38,9,ACTIVE,high_cpu_activity,0.0382447276090146
active-39,0,IDLE,cpu_activity_None,
active-39,1,ACTIVE,low_cpu_activity_1h,0.0007670248709447
active-39,2,ACTIVE,low_cpu_activity_1h,0.0008016154744798
active-39,3,ACTIVE,low_cpu_activity_1h,0.000723912245166
active-39,4,ACTIVE,low_cpu_activity_1h,0.0005982252710007
active-39,5,ACTIVE,low_cpu_activity_1h,0.000827236679063
active-39,6,ACTIVE,low_cpu_activity_1h,0.0007269641947132
active-39,7,ACTIVE,low_cpu_activity_1h,0.0008316135107107
active-39,8,ACTIVE,low_cpu_activity_1h,0.0006224391788624
active-39,9,ACTIVE,low_cpu_activity_1h,0.0007314619840335
active-4,0,IDLE,cpu_activity_None,
active-4,1,ACTIVE,low_cpu_activity_1h,0.0009606739097573
active-4,2,ACTIVE,low_cpu_activity_1h,0.0009018115078116
active-4,3,ACTIVE,low_cpu_activity_1h,0.0008264551116601
active-4,4,ACTIVE,low_cpu_activity_1h,0.0010978619836846
active-4,5,ACTIVE,low_cpu_activity_1h,0.001137544520333
active-4,6,ACTIVE,low_cpu_activity_1h,0.0009354807483039
active-4,7,ACTIVE,low_cpu_activity_1h,0.0009347089854503
active-4,8,ACTIVE,low_cpu_activity_1h,0.0009335893915546
active-4,9,ACTIVE,low_cpu_activity_1h,0.0009413989647561
active-40,0,ACTIVE,Running_state,
active-40,1,ACTIVE,high_cpu_activity,0.0748550874001319
active-40,2,ACTIVE,Running_state,0.0671018968888134
active-40,3,ACTIVE,Running_state,0.0706329101945497
active-40,4,ACTIVE,high_cpu_activity,0.0750754598670478
active-40,5,ACTIVE,high_cpu_activity,0.0756748171866971
active-40,6,ACTIVE,Running_state,0.0734535213989372
active-40,7,ACTIVE,high_cpu_activity,0.070877951450771
active-40,8,ACTIVE,Running_state,0.0709727560491299
active-40,9,ACTIVE,Running_state,0.0719384130674647
active-41,0,IDLE,cpu_activity_None,
active-41,1,ACTIVE,high_cpu_activity,0.0384334123123029
active-41,2,ACTIVE,high_cpu_activity,0.0384010233121813
active-41,3,ACTIVE,high_cpu_activity,0.0398561359548889
active-41,4,ACTIVE,high_cpu_activity,0.0385538129571504
active-41,5,ACTIVE,high_cpu_activity,0.0374644035934432
active-41,6,ACTIVE,high_cpu_activity,0.0388188030443078
active-41,7,ACTIVE,Running_state,0.03721734302339
active-41,8,ACTIVE,Running_state,0.0353682063657313
active-41,9,ACTIVE,high_cpu_activity,0.0395584274583231
active-42,0,IDLE,cpu_activity_None,
active-42,1,ACTIVE,low_cpu_activity_1h,0.0008720534104511
active-42,2,ACTIVE,low_cpu_activity_1h,0.0006006445161695
active-42,3,ACTIVE,low_cpu_activity_1h,0.0008230363924498
active-42,4,ACTIVE,low_cpu_activity_1h,0.0008032611667502
active-42,5,ACTIVE,low_cpu_activity_1h,0.0007231359081488
active-42,6,ACTIVE,low_cpu_activity_1h,0.000724675964505
active-42,7,ACTIVE,low_cpu_activity_1h,0.0007284095301581
active-42,8,ACTIVE,low_cpu_activity_1h,0.0008214008871255
active-42,9,ACTIVE,low_cpu_activity_1h,0.0008412179220602
active-43,0,IDLE,cpu_activity_None,
active-43,1,ACTIVE,low_cpu_activity_1h,0.0007714244519716
active-43,2,ACTIVE,low_cpu_activity_1h,0.0007049767278976
active-43,3,ACTIVE,low_cpu_activity_1h,0.0009212495945298
active-43,4,ACTIVE,low_cpu_activity_1h,0.0007042289273622
active-43,5,ACTIVE,low_cpu_activity_1h,0.0007223926151266
active-43,6,ACTIVE,low_cpu_activity_1h,0.0007269238917568
active-43,7,ACTIVE,low_cpu_activity_1h,0.0009374905541559
active-43,8,ACTIVE,low_cpu_activity_1h,0.0008188810062634
active-43,9,ACTIVE,low_cpu_activity_1h,0.0008421407508482
active-44,0,IDLE,cpu_activity_None,
active-44,1,ACTIVE,low_cpu_activity_1h,0.0006750091114337
active-44,2,ACTIVE,low_cpu_activity_1h,0.0007042594331529
active-44,3,ACTIVE,low_cpu_activity_1h,0.0007157732236601
active-44,4,ACTIVE,low_cpu_activity_1h,0.0008076649629152
active-44,5,ACTIVE,low_cpu_activity_1h,0.0006189003575211
active-44,6,ACTIVE,low_cpu_activity_1h,0.0008309769436411
active-44,7,ACTIVE,low_cpu_activity_1h,0.0007289904574969
active-44,8,ACTIVE,low_cpu_activity_1h,0.0008188561024277
active-44,9,ACTIVE,low_cpu_activity_1h,0.0006316039066192
active-45,0,IDLE,cpu_activity_None,
active-45,1,ACTIVE,low_cpu_activity_1h,0.0007729712414746
active-45,2,ACTIVE,low_cpu_activity_1h,0.0007042276790781
active-45,3,ACTIVE,low_cpu_activity_1h,0.0007157438566828
active-45,4,ACTIVE,low_cpu_activity_1h,0.0007073387859488
active-45,5,ACTIVE,low_cpu_activity_1h,0.0007214201571549
active-45,6,ACTIVE,low_cpu_activity_1h,0.0007276757771433
active-45,7,ACTIVE,low_cpu_activity_1h,0.0008316274066909
active-45,8,ACTIVE,low_cpu_activity_1h,0.000615224459354
active-45,9,ACTIVE,low_cpu_activity_1h,0.0007363047598258
active-46,0,IDLE,cpu_activity_None,
active-46,1,ACTIVE,high_cpu_activity,0.0734367000580726
active-46,2,ACTIVE,high_cpu_activity,0.0735425883887516
active-46,3,ACTIVE,Running_state,0.0705717228368124
active-46,4,ACTIVE,Running_state,0.0726729127271639
active-46,5,ACTIVE,Running_state,0.0703032087784804
active-46,6,ACTIVE,Running_state,0.0689572449940147
active-46,7,ACTIVE,high_cpu_activity,0.0709094025919283
active-46,8,ACTIVE,Running_state,0.0740556704461801
active-46,9,ACTIVE,Running_state,0.0761586212310764
active-47,0,IDLE,cpu_activity_None,
active-47,1,ACTIVE,low_cpu_activity_1h,0.0007767248202702
active-47,2,ACTIVE,low_cpu_activity_1h,0.0007042339425023
active-47,3,ACTIVE,low_cpu_activity_1h,0.0007106931091956
active-47,4,ACTIVE,low_cpu_activity_1h,0.000808131924988
active-47,5,ACTIVE,low_cpu_activity_1h,0.0007201481014415
active-47,6,ACTIVE,low_cpu_activity_1h,0.0007306798943042
active-47,7,ACTIVE,low_cpu_activity_1h,0.0008316565316327
active-47,8,ACTIVE,low_cpu_activity_1h,0.0008180159797854
active-47,9,ACTIVE,low_cpu_activity_1h,0.0008421492158365
active-48,0,IDLE,cpu_activity_None,
active-48,1,ACTIVE,high_cpu_activity,0.0388144462141162
active-48,2,ACTIVE,high_cpu_activity,0.0409648215478869
active-48,3,ACTIVE,Running_state,0.0387433825578627
active-48,4,ACTIVE,high_cpu_activity,0.039315526034753
active-48,5,ACTIVE,Running_state,0.0379652815394605
active-48,6,ACTIVE,high_cpu_activity,0.0378392932796855
active-48,7,ACTIVE,Running_state,0.0371393361774984
active-48,8,ACTIVE,high_cpu_activity,0.036372169238075
active-48,9,ACTIVE,high_cpu_activity,0.0369498884131221
active-49,0,IDLE,cpu_activity_None,
active-49,1,ACTIVE,low_cpu_activity_1h,0.0007774437757184
active-49,2,ACTIVE,low_cpu_activity_1h,0.0009045735690342
active-49,3,ACTIVE,low_cpu_activity_1h,0.0008105565835649
active-49,4,ACTIVE,low_cpu_activity_1h,0.0009072877113431
active-49,5,ACTIVE,low_cpu_activity_1h,0.001128262511845
active-49,6,ACTIVE,low_cpu_activity_1h,0.0018927200298599
active-49,7,ACTIVE,low_cpu_activity_1h,0.0016597810884566
active-49,8,ACTIVE,low_cpu_activity_1h,0.001023628732158
active-49,9,ACTIVE,low_cpu_activity_1h,0.0016859199674842
active-5,0,IDLE,cpu_activity_None,
active-5,1,ACTIVE,low_cpu_activity_1h,0.0009718731314043
active-5,2,ACTIVE,low_cpu_activity_1h,0.0008024526582523
active-5,3,ACTIVE,low_cpu_activity_1h,0.0011156436346592
active-5,4,ACTIVE,low_cpu_activity_1h,0.0010100373920335
active-5,5,ACTIVE,low_cpu_activity_1h,0.0010246950264199
active-5,6,ACTIVE,low_cpu_activity_1h,0.0010515798035324
active-5,7,ACTIVE,low_cpu_activity_1h,0.0010362572817214
active-5,8,ACTIVE,low_cpu_activity_1h,0.0010246455817511
active-5,9,ACTIVE,low_cpu_activity_1h,0.0009483537373175
active-50,0,IDLE,cpu_activity_None,
active-50,1,ACTIVE,low_cpu_activity_1h,0.0007759841829105
active-50,2,ACTIVE,low_cpu_activity_1h,0.000700686484328
active-50,3,ACTIVE,low_cpu_activity_1h,0.0008122424847574
active-50,4,ACTIVE,low_cpu_activity_1h,0.0008097244526319
active-50,5,ACTIVE,low_cpu_activity_1h,0.0008188173068604
active-50,6,ACTIVE,low_cpu_activity_1h,0.000736128934246
active-50,7,ACTIVE,low_cpu_activity_1h,0.0008307050211726
active-50,8,ACTIVE,low_cpu_activity_1h,0.0007165021897831
active-50,9,ACTIVE,low_cpu_activity_1h,0.0008438882176427
active-51,0,IDLE,cpu_activity_None,
active-51,1,ACTIVE,low_cpu_activity_1h,0.0006783402633175
active-51,2,ACTIVE,low_cpu_activity_1h,0.0008007745949437
active-51,3,ACTIVE,low_cpu_activity_1h,0.0009128594774788
active-51,4,ACTIVE,low_cpu_activity_1h,0.0007099380432323
active-51,5,ACTIVE,low_cpu_activity_1h,0.0009193530750482
active-51,6,ACTIVE,low_cpu_activity_1h,0.0007368288927518
active-51,7,ACTIVE,low_cpu_activity_1h,0.0008316117381925
active-51,8,ACTIVE,low_cpu_activity_1h,0.0008188517581005
active-51,9,ACTIVE,low_cpu_activity_1h,0.0008438843103879
active-52,0,IDLE,cpu_activity_None,
active-52,1,ACTIVE,low_cpu_activity_1h,0.0008695737086009
active-52,2,ACTIVE,low_cpu_activity_1h,0.0007028105693439
active-52,3,ACTIVE,low_cpu_activity_1h,0.0010142569280999
active-52,4,ACTIVE,low_cpu_activity_1h,0.000811382431301
active-52,5,ACTIVE,low_cpu_activity_1h,0.0007157218932246
active-52,6,ACTIVE,low_cpu_activity_1h,0.0008421492940406
active-52,7,ACTIVE,low_cpu_activity_1h,0.0013514028423219
active-52,8,ACTIVE,low_cpu_activity_1h,0.0017365738296658
active-52,9,ACTIVE,low_cpu_activity_1h,0.0010548840881728
active-53,0,IDLE,cpu_activity_None,
active-53,1,ACTIVE,high_cpu_activity,0.0380338007556915
active-53,2,ACTIVE,high_cpu_activity,0.0391779944266469
active-53,3,ACTIVE,Running_state,0.0401232719015406
active-53,4,ACTIVE,high_cpu_activity,0.0384931383046136
active-53,5,ACTIVE,high_cpu_activity,0.0402460847756562
active-53,6,ACTIVE,Running_state,0.0364123234036131
active-53,7,ACTIVE,Running_state,0.0373576541405417
active-53,8,ACTIVE,Running_state,0.0369780485923122
active-53,9,ACTIVE,high_cpu_activity,0.0380945785840396
active-54,0,IDLE,cpu_activity_None,
active-54,1,ACTIVE,low_cpu_activity_1h,0.0008687128507248
active-54,2,ACTIVE,low_cpu_activity_1h,0.0006986281313826
active-54,3,ACTIVE,low_cpu_activity_1h,0.0009090904186801
active-54,4,ACTIVE,low_cpu_activity_1h,0.0007179568939337
active-54,5,ACTIVE,low_cpu_activity_1h,0.0008163736152875
active-54,6,ACTIVE,low_cpu_activity_1h,0.0008385985031601
active-54,7,ACTIVE,low_cpu_activity_1h,0.0008333136787513
active-54,8,ACTIVE,low_cpu_activity_1h,0.0008155115226158
active-54,9,ACTIVE,low_cpu_activity_1h,0.0007439372262626
active-55,0,IDLE,cpu_activity_None,
active-55,1,ACTIVE,low_cpu_activity_1h,0.000771487014534
active-55,2,ACTIVE,low_cpu_activity_1h,0.0009000271190231
active-55,3,ACTIVE,low_cpu_activity_1h,0.000808083118079
active-55,4,ACTIVE,low_cpu_activity_1h,0.0007179821832568
active-55,5,ACTIVE,low_cpu_activity_1h,0.0008146814991435
active-55,6,ACTIVE,low_cpu_activity_1h,0.0007345657359498
active-55,7,ACTIVE,low_cpu_activity_1h,0.0007284326695933
active-55,8,ACTIVE,low_cpu_activity_1h,0.0008163046217145
active-55,9,ACTIVE,low_cpu_activity_1h,0.0007439474695711
active-56,0,IDLE,cpu_activity_None,
active-56,1,ACTIVE,high_cpu_activity,0.0378272755305253
active-56,2,ACTIVE,Running_state,0.0394819429563045
active-56,3,ACTIVE,high_cpu_activity,0.0407313009209593
active-56,4,ACTIVE,Running_state,0.0416595343809133
active-56,5,ACTIVE,high_cpu_activity,0.0385474137611916
active-56,6,ACTIVE,high_cpu_activity,0.041381718927598
active-56,7,ACTIVE,high_cpu_activity,0.0396019096833206
active-56,8,ACTIVE,high_cpu_activity,0.0381670163430953
active-56,9,ACTIVE,Running_state,0.0381999825421965
active-57,0,IDLE,cpu_activity_None,
active-57,1,ACTIVE,low_cpu_activity_1h,0.0007699884072961
active-57,2,ACTIVE,low_cpu_activity_1h,0.0007968466670336
active-57,3,ACTIVE,low_cpu_activity_1h,0.0008072995317725
active-57,4,ACTIVE,low_cpu_activity_1h,0.0008221846668361
active-57,5,ACTIVE,low_cpu_activity_1h,0.0008172361193547
active-57,6,ACTIVE,low_cpu_activity_1h,0.0007321967224159
active-57,7,ACTIVE,low_cpu_activity_1h,0.0007291658227859
active-57,8,ACTIVE,low_cpu_activity_1h,0.0008197158706521
active-57,9,ACTIVE,low_cpu_activity_1h,0.0008447763846484
active-58,0,IDLE,cpu_activity_None,
active-58,1,ACTIVE,low_cpu_activity_1h,0.0007707396025967
active-58,2,ACTIVE,low_cpu_activity_1h,0.0007983902770954
active-58,3,ACTIVE,low_cpu_activity_1h,0.000908180122106
active-58,4,ACTIVE,low_cpu_activity_1h,0.0007201921790109
active-58,5,ACTIVE,low_cpu_activity_1h,0.0008171811475906
active-58,6,ACTIVE,low_cpu_activity_1h,0.0007314956183902
active-58,7,ACTIVE,low_cpu_activity_1h,0.0008315759514295
active-58,8,ACTIVE,low_cpu_activity_1h,0.0008205352949872
active-58,9,ACTIVE,low_cpu_activity_1h,0.0007407870014126
active-59,0,IDLE,cpu_activity_None,
active-59,1,ACTIVE,low_cpu_activity_1h,0.0006724254740995
active-59,2,ACTIVE,low_cpu_activity_1h,0.0008008728308318
active-59,3,ACTIVE,low_cpu_activity_1h,0.0008080891354238
active-59,4,ACTIVE,low_cpu_activity_1h,0.000617048763165
active-59,5,ACTIVE,low_cpu_activity_1h,0.0008174652294152
active-59,6,ACTIVE,low_cpu_activity_1h,0.0008360176627722
active-59,7,ACTIVE,low_cpu_activity_1h,0.0007276238723003
active-59,8,ACTIVE,low_cpu_activity_1h,0.000820906646078
active-59,9,ACTIVE,low_cpu_activity_1h,0.0006339890672574
active-6,0,ACTIVE,Running_state,
active-6,1,ACTIVE,high_cpu_activity,0.0744257828342253
active-6,2,ACTIVE,high_cpu_activity,0.0724466032300093
active-6,3,ACTIVE,Running_state,0.0702526100472349
active-6,4,ACTIVE,Running_state,0.0728871491858837
active-6,5,ACTIVE,Running_state,0.0763782234509544
active-6,6,ACTIVE,high_cpu_activity,0.0717815334850364
active-6,7,ACTIVE,Running_state,0.0675369891864543
active-6,8,ACTIVE,high_cpu_activity,0.0733016263963948
active-6,9,ACTIVE,high_cpu_activity,0.0725460262578538
active-60,0,IDLE,cpu_activity_None,
active-60,1,ACTIVE,Running_state,0.0437412118328318
active-60,2,ACTIVE,high_cpu_activity,0.0396376877353226
active-60,3,ACTIVE,high_cpu_activity,0.039999831981502
active-60,4,ACTIVE,Running_state,0.0452240965093079
active-60,5,ACTIVE,Running_state,0.0408971323623952
active-60,6,ACTIVE,high_cpu_activity,0.041860573401896
active-60,7,ACTIVE,high_cpu_activity,0.0424009549038338
active-60,8,ACTIVE,Running_state,0.0399392972635357
active-60,9,ACTIVE,Running_state,0.0350644598483695
active-61,0,ACTIVE,Running_state,
active-61,1,ACTIVE,Running_state,0.0364272936870971
active-61,2,ACTIVE,high_cpu_activity,0.0391340268180379
active-61,3,ACTIVE,high_cpu_activity,0.039618323189401
active-61,4,ACTIVE,high_cpu_activity,0.0377185764010279
active-61,5,ACTIVE,high_cpu_activity,0.0394744422680946
active-61,6,ACTIVE,Running_state,0.0406326800689681
active-61,7,ACTIVE,high_cpu_activity,0.0376946649657214
active-61,8,ACTIVE,high_cpu_activity,0.039219914382958
active-61,9,ACTIVE,high_cpu_activity,0.0358065240522415
active-7,0,ACTIVE,Running_state,
active-7,1,ACTIVE,Running_state,0.0754596052106747
active-7,2,ACTIVE,high_cpu_activity,0.0743642297282917
active-7,3,ACTIVE,Running_state,0.0729969614082669
active-7,4,ACTIVE,Running_state,0.0722833495536905
active-7,5,ACTIVE,Running_state,0.0728104173559979
active-7,6,ACTIVE,Running_state,0.0704555136872965
active-7,7,ACTIVE,high_cpu_activity,0.0719826857725019
active-7,8,ACTIVE,Running_state,0.0702878358461191
active-7,9,ACTIVE,high_cpu_activity,0.0727636180237961
active-8,0,ACTIVE,Running_state,
active-8,1,ACTIVE,Running_state,0.0719410013744503
active-8,2,ACTIVE,Running_state,0.0714604364685926
active-8,3,ACTIVE,Running_state,0.0741743325269103
active-8,4,ACTIVE,high_cpu_activity,0.0692383225395688
active-8,5,ACTIVE,Running_state,0.0744446601191239
active-8,6,ACTIVE,Running_state,0.0730063748439072
active-8,7,ACTIVE,high_cpu_activity,0.0691523266268025
active-8,8,ACTIVE,Running_state,0.0705417772236021
active-8,9,ACTIVE,Running_state,0.0676252463770687
active-9,0,ACTIVE,Running_state,
active-9,1,ACTIVE,Running_state,0.0686777235986801
active-9,2,ACTIVE,Running_state,0.0717191809577944
active-9,3,ACTIVE,Running_state,0.0723922196848488
active-9,4,ACTIVE,Running_state,0.0764947361222451
active-9,5,ACTIVE,Running_state,0.0743709138994806
active-9,6,ACTIVE,high_cpu_activity,0.070734600909543
active-9,7,ACTIVE,Running_state,0.072600683854582
active-9,8,ACTIVE,high_cpu_activity,0.0722009142082891
active-9,9,ACTIVE,Running_state,0.0710875490706901
idle-0,0,IDLE,cpu_activity_None,
idle-0,1,ACTIVE,low_cpu_activity_1h,9.72846518736893e-05
idle-0,2,IDLE,very_low_cpu_activity_1h,0.0
idle-0,3,IDLE,very_low_cpu_activity_1h,0.0
idle-0,4,IDLE,very_low_cpu_activity_1h,0.0
idle-0,5,IDLE,very_low_cpu_activity_1h,0.0
idle-0,6,IDLE,very_low_cpu_activity_1h,0.0
idle-0,7,IDLE,very_low_cpu_activity_1h,0.0
idle-0,8,IDLE,very_low_cpu_activity_1h,0.0
idle-0,9,IDLE,very_low_cpu_activity_1h,0.0
idle-1,0,IDLE,cpu_activity_None,
idle-1,1,ACTIVE,low_cpu_activity_1h,9.727545223011492e-05
idle-1,2,IDLE,very_low_cpu_activity_1h,0.0
idle-1,3,IDLE,very_low_cpu_activity_1h,0.0
idle-1,4,IDLE,very_low_cpu_activity_1h,0.0
idle-1,5,IDLE,very_low_cpu_activity_1h,0.0
idle-1,6,IDLE,very_low_cpu_activity_1h,0.0
idle-1,7,ACTIVE,low_cpu_activity_1h,0.0001044904245664
idle-1,8,IDLE,very_low_cpu_activity_1h,0.0
idle-1,9,IDLE,very_low_cpu_activity_1h,0.0
idle-10,0,IDLE,cpu_activity_None,
idle-10,1,IDLE,very_low_cpu_activity_1h,0.0
idle-10,2,IDLE,very_low_cpu_activity_1h,0.0
idle-10,3,IDLE,very_low_cpu_activity_1h,0.0
idle-10,4,IDLE,very_low_cpu_activity_1h,0.0
idle-10,5,ACTIVE,low_cpu_activity_1h,0.0001013187444658
idle-10,6,IDLE,very_low_cpu_activity_1h,0.0
idle-10,7,IDLE,very_low_cpu_activity_1h,0.0
idle-10,8,IDLE,very_low_cpu_activity_1h,0.0
idle-10,9,IDLE,very_low_cpu_activity_1h,0.0
idle-11,0,IDLE,cpu_activity_None,
idle-11,1,IDLE,very_low_cpu_activity_1h,0.0
idle-11,2,IDLE,very_low_cpu_activity_1h,0.0
idle-11,3,IDLE,very_low_cpu_activity_1h,0.0
idle-11,4,IDLE,very_low_cpu_activity_1h,0.0
idle-11,5,ACTIVE,low_cpu_activity_1h,0.0001012161381416
idle-11,6,IDLE,very_low_cpu_activity_1h,0.0
idle-11,7,IDLE,very_low_cpu_activity_1h,0.0
idle-11,8,IDLE,very_low_cpu_activity_1h,0.0
idle-11,9,IDLE,very_low_cpu_activity_1h,0.0
idle-12,0,IDLE,cpu_activity_None,
idle-12,1,ACTIVE,low_cpu_activity_1h,9.718359238159032e-05
idle-12,2,IDLE,very_low_cpu_activity_1h,0.0
idle-12,3,IDLE,very_low_cpu_activity_1h,0.0
idle-12,4,IDLE,very_low_cpu_activity_1h,0.0
idle-12,5,IDLE,very_low_cpu_activity_1h,0.0
idle-12,6,IDLE,very_low_cpu_activity_1h,0.0
idle-12,7,IDLE,very_low_cpu_activity_1h,0.0
idle-12,8,IDLE,very_low_cpu_activity_1h,0.0
idle-12,9,IDLE,very_low_cpu_activity_1h,0.0
idle-13,0,IDLE,cpu_activity_None,
idle-13,1,IDLE,very_low_cpu_activity_1h,0.0
idle-13,2,IDLE,very_low_cpu_activity_1h,0.0
idle-13,3,IDLE,very_low_cpu_activity_1h,0.0
idle-13,4,IDLE,very_low_cpu_activity_1h,0.0
idle-13,5,IDLE,very_low_cpu_activity_1h,0.0
idle-13,6,IDLE,very_low_cpu_activity_1h,0.0
idle-13,7,IDLE,very_low_cpu_activity_1h,0.0
idle-13,8,ACTIVE,low_cpu_activity_1h,0.0001027749418567
idle-13,9,IDLE,very_low_cpu_activity_1h,0.0
idle-14,0,IDLE,cpu_activity_None,
idle-14,1,IDLE,very_low_cpu_activity_1h,0.0
idle-14,2,IDLE,very_low_cpu_activity_1h,0.0
idle-14,3,IDLE,very_low_cpu_activity_1h,0.0
idle-14,4,IDLE,very_low_cpu_activity_1h,0.0
idle-14,5,ACTIVE,low_cpu_activity_1h,0.0001012217679942
idle-14,6,IDLE,very_low_cpu_activity_1h,0.0
idle-14,7,IDLE,very_low_cpu_activity_1h,0.0
idle-14,8,IDLE,very_low_cpu_activity_1h,0.0
idle-14,9,IDLE,very_low_cpu_activity_1h,0.0
idle-15,0,IDLE,cpu_activity_None,
idle-15,1,IDLE,very_low_cpu_activity_1h,0.0
idle-15,2,ACTIVE,low_cpu_activity_1h,0.0001013227797918
idle-15,3,IDLE,very_low_cpu_activity_1h,0.0
idle-15,4,IDLE,very_low_cpu_activity_1h,0.0
idle-15,5,IDLE,very_low_cpu_activity_1h,0.0
idle-15,6,IDLE,very_low_cpu_activity_1h,0.0
idle-15,7,IDLE,very_low_cpu_activity_1h,0.0
idle-15,8,IDLE,very_low_cpu_activity_1h,0.0
idle-15,9,IDLE,very_low_cpu_activity_1h,0.0
idle-16,0,IDLE,cpu_activity_None,
idle-16,1,IDLE,very_low_cpu_activity_1h,0.0
idle-16,2,IDLE,very_low_cpu_activity_1h,0.0
idle-16,3,IDLE,very_low_cpu_activity_1h,0.0
idle-16,4,IDLE,very_low_cpu_activity_1h,0.0
idle-16,5,IDLE,very_low_cpu_activity_1h,0.0
idle-16,6,IDLE,very_low_cpu_activity_1h,0.0
idle-16,7,IDLE,very_low_cpu_activity_1h,0.0
idle-16,8,IDLE,very_low_cpu_activity_1h,0.0
idle-16,9,IDLE,very_low_cpu_activity_1h,0.0
idle-17,0,IDLE,cpu_activity_None,
idle-17,1,IDLE,very_low_cpu_activity_1h,0.0
idle-17,2,IDLE,very_low_cpu_activity_1h,0.0
idle-17,3,IDLE,very_low_cpu_activity_1h,0.0
idle-17,4,IDLE,very_low_cpu_activity_1h,0.0
idle-17,5,IDLE,very_low_cpu_activity_1h,0.0
idle-17,6,IDLE,very_low_cpu_activity_1h,0.0
idle-17,7,IDLE,very_low_cpu_activity_1h,0.0
idle-17,8,IDLE,very_low_cpu_activity_1h,0.0
idle-17,9,IDLE,very_low_cpu_activity_1h,0.0
idle-18,0,IDLE,cpu_activity_None,
idle-18,1,IDLE,very_low_cpu_activity_1h,0.0
idle-18,2,ACTIVE,low_cpu_activity_1h,0.0001016210633847
idle-18,3,IDLE,very_low_cpu_activity_1h,0.0
idle-18,4,IDLE,very_low_cpu_activity_1h,0.0
idle-18,5,ACTIVE,low_cpu_activity_1h,0.0001008088104533
idle-18,6,IDLE,very_low_cpu_activity_1h,0.0
idle-18,7,IDLE,very_low_cpu_activity_1h,0.0
idle-18,8,IDLE,very_low_cpu_activity_1h,0.0
idle-18,9,IDLE,very_low_cpu_activity_1h,0.0
idle-19,0,IDLE,cpu_activity_None,
idle-19,1,IDLE,very_low_cpu_activity_1h,0.0
idle-19,2,IDLE,very_low_cpu_activity_1h,0.0
idle-19,3,IDLE,very_low_cpu_activity_1h,0.0
idle-19,4,IDLE,very_low_cpu_activity_1h,0.0
idle-19,5,IDLE,very_low_cpu_activity_1h,0.0
idle-19,6,IDLE,very_low_cpu_activity_1h,0.0
idle-19,7,IDLE,very_low_cpu_activity_1h,0.0
idle-19,8,IDLE,very_low_cpu_activity_1h,0.0
idle-19,9,ACTIVE,low_cpu_activity_1h,0.0001052678474866
idle-2,0,IDLE,cpu_activity_None,
idle-2,1,IDLE,very_low_cpu_activity_1h,0.0
idle-2,2,IDLE,very_low_cpu_activity_1h,0.0
idle-2,3,ACTIVE,low_cpu_activity_1h,0.0001003180682216
idle-2,4,IDLE,very_low_cpu_activity_1h,0.0
idle-2,5,IDLE,very_low_cpu_activity_1h,0.0
idle-2,6,IDLE,very_low_cpu_activity_1h,0.0
idle-2,7,IDLE,very_low_cpu_activity_1h,0.0
idle-2,8,IDLE,very_low_cpu_activity_1h,0.0
idle-2,9,IDLE,very_low_cpu_activity_1h,0.0
idle-20,0,IDLE,cpu_activity_None,
idle-20,1,IDLE,very_low_cpu_activity_1h,0.0
idle-20,2,IDLE,very_low_cpu_activity_1h,0.0
idle-20,3,IDLE,very_low_cpu_activity_1h,0.0
idle-20,4,IDLE,very_low_cpu_activity_1h,0.0
idle-20,5,ACTIVE,low_cpu_activity_1h,0.0001005082123911
idle-20,6,IDLE,very_low_cpu_activity_1h,0.0
idle-20,7,IDLE,very_low_cpu_activity_1h,0.0
idle-20,8,IDLE,very_low_cpu_activity_1h,0.0
idle-20,9,IDLE,very_low_cpu_activity_1h,0.0
idle-21,0,IDLE,cpu_activity_None,
idle-21,1,IDLE,very_low_cpu_activity_1h,0.0
idle-21,2,IDLE,very_low_cpu_activity_1h,0.0
idle-21,3,IDLE,very_low_cpu_activity_1h,0.0
idle-21,4,IDLE,very_low_cpu_activity_1h,0.0
idle-21,5,IDLE,very_low_cpu_activity_1h,0.0
idle-21,6,ACTIVE,low_cpu_activity_1h,0.0001059265046229
idle-21,7,IDLE,very_low_cpu_activity_1h,0.0
idle-21,8,ACTIVE,low_cpu_activity_1h,0.0001024619141625
idle-21,9,IDLE,very_low_cpu_activity_1h,0.0
idle-22,0,IDLE,cpu_activity_None,
idle-22,1,IDLE,very_low_cpu_activity_1h,0.0
idle-22,2,IDLE,very_low_cpu_activity_1h,0.0
idle-22,3,IDLE,very_low_cpu_activity_1h,0.0
idle-22,4,ACTIVE,low_cpu_activity_1h,0.0001033103747552
idle-22,5,IDLE,very_low_cpu_activity_1h,0.0
idle-22,6,IDLE,very_low_cpu_activity_1h,0.0
idle-22,7,IDLE,very_low_cpu_activity_1h,0.0
idle-22,8,IDLE,very_low_cpu_activity_1h,0.0
idle-22,9,IDLE,very_low_cpu_activity_1h,0.0
idle-23,0,IDLE,cpu_activity_None,
idle-23,1,ACTIVE,low_cpu_activity_1h,9.804344869253871e-05
idle-23,2,IDLE,very_low_cpu_activity_1h,0.0
idle-23,3,IDLE,very_low_cpu_activity_1h,0.0
idle-23,4,IDLE,very_low_cpu_activity_1h,0.0
idle-23,5,IDLE,very_low_cpu_activity_1h,0.0
idle-23,6,IDLE,very_low_cpu_activity_1h,0.0
idle-23,7,IDLE,very_low_cpu_activity_1h,0.0
idle-23,8,IDLE,very_low_cpu_activity_1h,0.0
idle-23,9,IDLE,very_low_cpu_activity_1h,0.0
idle-24,0,IDLE,cpu_activity_None,
idle-24,1,IDLE,very_low_cpu_activity_1h,0.0
idle-24,2,IDLE,very_low_cpu_activity_1h,0.0
idle-24,3,IDLE,very_low_cpu_activity_1h,0.0
idle-24,4,IDLE,very_low_cpu_activity_1h,0.0
idle-24,5,IDLE,very_low_cpu_activity_1h,0.0
idle-24,6,IDLE,very_low_cpu_activity_1h,0.0
idle-24,7,IDLE,very_low_cpu_activity_1h,0.0
idle-24,8,IDLE,very_low_cpu_activity_1h,0.0
idle-24,9,IDLE,very_low_cpu_activity_1h,0.0
idle-25,0,IDLE,cpu_activity_None,
idle-25,1,ACTIVE,low_cpu_activity_1h,9.82359502688184e-05
idle-25,2,IDLE,very_low_cpu_activity_1h,0.0
idle-25,3,ACTIVE,low_cpu_activity_1h,0.0001003030002408
idle-25,4,IDLE,very_low_cpu_activity_1h,0.0
idle-25,5,IDLE,very_low_cpu_activity_1h,0.0
idle-25,6,IDLE,very_low_cpu_activity_1h,0.0
idle-25,7,IDLE,very_low_cpu_activity_1h,0.0
idle-25,8,IDLE,very_low_cpu_activity_1h,0.0
idle-25,9,IDLE,very_low_cpu_activity_1h,0.0
idle-26,0,IDLE,cpu_activity_None,
idle-26,1,IDLE,very_low_cpu_activity_1h,0.0
idle-26,2,IDLE,very_low_cpu_activity_1h,0.0
idle-26,3,IDLE,very_low_cpu_activity_1h,0.0
idle-26,4,IDLE,very_low_cpu_activity_1h,0.0
idle-26,5,IDLE,very_low_cpu_activity_1h,0.0
idle-26,6,IDLE,very_low_cpu_activity_1h,0.0
idle-26,7,IDLE,very_low_cpu_activity_1h,0.0
idle-26,8,IDLE,very_low_cpu_activity_1h,0.0
idle-26,9,IDLE,very_low_cpu_activity_1h,0.0
idle-27,0,IDLE,cpu_activity_None,
idle-27,1,IDLE,very_low_cpu_activity_1h,0.0
idle-27,2,IDLE,very_low_cpu_activity_1h,0.0
idle-27,3,IDLE,very_low_cpu_activity_1h,0.0
idle-27,4,IDLE,very_low_cpu_activity_1h,0.0
idle-27,5,IDLE,very_low_cpu_activity_1h,0.0
idle-27,6,IDLE,very_low_cpu_activity_1h,0.0
idle-27,7,IDLE,very_low_cpu_activity_1h,0.0
idle-27,8,ACTIVE,low_cpu_activity_1h,0.0001025673914351
idle-27,9,IDLE,very_low_cpu_activity_1h,0.0
idle-28,0,IDLE,cpu_activity_None,
idle-28,1,IDLE,very_low_cpu_activity_1h,0.0
idle-28,2,IDLE,very_low_cpu_activity_1h,0.0
idle-28,3,ACTIVE,low_cpu_activity_1h,0.0001003075317463
idle-28,4,IDLE,very_low_cpu_activity_1h,0.0
idle-28,5,ACTIVE,low_cpu_activity_1h,0.0001005063335703
idle-28,6,IDLE,very_low_cpu_activity_1h,0.0
idle-28,7,IDLE,very_low_cpu_activity_1h,0.0
idle-28,8,IDLE,very_low_cpu_activity_1h,0.0
idle-28,9,IDLE,very_low_cpu_activity_1h,0.0
idle-29,0,IDLE,cpu_activity_None,
idle-29,1,IDLE,very_low_cpu_activity_1h,0.0
idle-29,2,ACTIVE,low_cpu_activity_1h,0.0001026668516004
idle-29,3,IDLE,very_low_cpu_activity_1h,0.0
idle-29,4,IDLE,very_low_cpu_activity_1h,0.0
idle-29,5,IDLE,very_low_cpu_activity_1h,0.0
idle-29,6,IDLE,very_low_cpu_activity_1h,0.0
idle-29,7,ACTIVE,low_cpu_activity_1h,0.0001049843933262
idle-29,8,IDLE,very_low_cpu_activity_1h,0.0
idle-29,9,IDLE,very_low_cpu_activity_1h,0.0
idle-3,0,IDLE,cpu_activity_None,
idle-3,1,IDLE,very_low_cpu_activity_1h,0.0
idle-3,2,IDLE,very_low_cpu_activity_1h,0.0
idle-3,3,IDLE,very_low_cpu_activity_1h,0.0
idle-3,4,IDLE,very_low_cpu_activity_1h,0.0
idle-3,5,IDLE,very_low_cpu_activity_1h,0.0
idle-3,6,IDLE,very_low_cpu_activity_1h,0.0
idle-3,7,IDLE,very_low_cpu_activity_1h,0.0
idle-3,8,ACTIVE,low_cpu_activity_1h,0.0001022509931425
idle-3,9,IDLE,very_low_cpu_activity_1h,0.0
idle-30,0,IDLE,cpu_activity_None,
idle-30,1,IDLE,very_low_cpu_activity_1h,0.0
idle-30,2,IDLE,very_low_cpu_activity_1h,0.0
idle-30,3,IDLE,very_low_cpu_activity_1h,0.0
idle-30,4,IDLE,very_low_cpu_activity_1h,0.0
idle-30,5,IDLE,very_low_cpu_activity_1h,0.0
idle-30,6,IDLE,very_low_cpu_activity_1h,0.0
idle-30,7,ACTIVE,low_cpu_activity_1h,0.0001050451797026
idle-30,8,IDLE,very_low_cpu_activity_1h,0.0
idle-30,9,IDLE,very_low_cpu_activity_1h,0.0
idle-31,0,IDLE,cpu_activity_None,
idle-31,1,ACTIVE,low_cpu_activity_1h,9.852060355050508e-05
idle-31,2,IDLE,very_low_cpu_activity_1h,0.0
idle-31,3,IDLE,very_low_cpu_activity_1h,0.0
idle-31,4,IDLE,very_low_cpu_activity_1h,0.0
idle-31,5,IDLE,very_low_cpu_activity_1h,0.0
idle-31,6,IDLE,very_low_cpu_activity_1h,0.0
idle-31,7,IDLE,very_low_cpu_activity_1h,0.0
idle-31,8,IDLE,very_low_cpu_activity_1h,0.0
idle-31,9,IDLE,very_low_cpu_activity_1h,0.0
idle-32,0,IDLE,cpu_activity_None,
idle-32,1,IDLE,very_low_cpu_activity_1h,0.0
idle-32,2,IDLE,very_low_cpu_activity_1h,0.0
idle-32,3,IDLE,very_low_cpu_activity_1h,0.0
idle-32,4,IDLE,very_low_cpu_activity_1h,0.0
idle-32,5,ACTIVE,low_cpu_activity_1h,0.000100504248188
idle-32,6,IDLE,very_low_cpu_activity_1h,0.0
idle-32,7,IDLE,very_low_cpu_activity_1h,0.0
idle-32,8,IDLE,very_low_cpu_activity_1h,0.0
idle-32,9,IDLE,very_low_cpu_activity_1h,0.0
idle-33,0,IDLE,cpu_activity_None,
idle-33,1,ACTIVE,low_cpu_activity_1h,9.881987533986987e-05
idle-33,2,IDLE,very_low_cpu_activity_1h,0.0
idle-33,3,IDLE,very_low_cpu_activity_1h,0.0
idle-33,4,IDLE,very_low_cpu_activity_1h,0.0
idle-33,5,IDLE,very_low_cpu_activity_1h,0.0
idle-33,6,IDLE,very_low_cpu_activity_1h,0.0
idle-33,7,IDLE,very_low_cpu_activity_1h,0.0
idle-33,8,IDLE,very_low_cpu_activity_1h,0.0
idle-33,9,IDLE,very_low_cpu_activity_1h,0.0
idle-34,0,IDLE,cpu_activity_None,
idle-34,1,IDLE,very_low_cpu_activity_1h,0.0
idle-34,2,IDLE,very_low_cpu_activity_1h,0.0
idle-34,3,IDLE,very_low_cpu_activity_1h,0.0
idle-34,4,IDLE,very_low_cpu_activity_1h,0.0
idle-34,5,ACTIVE,low_cpu_activity_1h,0.0001003677973865
idle-34,6,IDLE,very_low_cpu_activity_1h,0.0
idle-34,7,IDLE,very_low_cpu_activity_1h,0.0
idle-34,8,IDLE,very_low_cpu_activity_1h,0.0
idle-34,9,IDLE,very_low_cpu_activity_1h,0.0
idle-35,0,IDLE,cpu_activity_None,
idle-35,1,IDLE,very_low_cpu_activity_1h,0.0
idle-35,2,IDLE,very_low_cpu_activity_1h,0.0
idle-35,3,ACTIVE,low_cpu_activity_1h,9.999495841649618e-05
idle-35,4,IDLE,very_low_cpu_activity_1h,0.0
idle-35,5,IDLE,very_low_cpu_activity_1h,0.0
idle-35,6,IDLE,very_low_cpu_activity_1h,0.0
idle-35,7,IDLE,very_low_cpu_activity_1h,0.0
idle-35,8,IDLE,very_low_cpu_activity_1h,0.0
idle-35,9,IDLE,very_low_cpu_activity_1h,0.0
idle-36,0,IDLE,cpu_activity_None,
idle-36,1,IDLE,very_low_cpu_activity_1h,0.0
idle-36,2,IDLE,very_low_cpu_activity_1h,0.0
idle-36,3,IDLE,very_low_cpu_activity_1h,0.0
idle-36,4,IDLE,very_low_cpu_activity_1h,0.0
idle-36,5,ACTIVE,low_cpu_activity_1h,0.0001005068675134
idle-36,6,IDLE,very_low_cpu_activity_1h,0.0
idle-36,7,IDLE,very_low_cpu_activity_1h,0.0
idle-36,8,IDLE,very_low_cpu_activity_1h,0.0
idle-36,9,IDLE,very_low_cpu_activity_1h,0.0
idle-37,0,IDLE,cpu_activity_None,
idle-37,1,IDLE,very_low_cpu_activity_1h,0.0
idle-37,2,IDLE,very_low_cpu_activity_1h,0.0
idle-37,3,ACTIVE,low_cpu_activity_1h,0.0001000023601612
idle-37,4,IDLE,very_low_cpu_activity_1h,0.0
idle-37,5,IDLE,very_low_cpu_activity_1h,0.0
idle-37,6,IDLE,very_low_cpu_activity_1h,0.0
idle-37,7,ACTIVE,low_cpu_activity_1h,0.0001047252474468
idle-37,8,IDLE,very_low_cpu_activity_1h,0.0
idle-37,9,IDLE,very_low_cpu_activity_1h,0.0
idle-4,0,IDLE,cpu_activity_None,
idle-4,1,IDLE,very_low_cpu_activity_1h,0.0
idle-4,2,IDLE,very_low_cpu_activity_1h,0.0
idle-4,3,IDLE,very_low_cpu_activity_1h,0.0
idle-4,4,IDLE,very_low_cpu_activity_1h,0.0
idle-4,5,IDLE,very_low_cpu_activity_1h,0.0
idle-4,6,IDLE,very_low_cpu_activity_1h,0.0
idle-4,7,ACTIVE,low_cpu_activity_1h,0.0001051501885487
idle-4,8,IDLE,very_low_cpu_activity_1h,0.0
idle-4,9,IDLE,very_low_cpu_activity_1h,0.0
idle-5,0,IDLE,cpu_activity_None,
idle-5,1,IDLE,very_low_cpu_activity_1h,0.0
idle-5,2,IDLE,very_low_cpu_activity_1h,0.0
idle-5,3,IDLE,very_low_cpu_activity_1h,0.0
idle-5,4,IDLE,very_low_cpu_activity_1h,0.0
idle-5,5,IDLE,very_low_cpu_activity_1h,0.0
idle-5,6,IDLE,very_low_cpu_activity_1h,0.0
idle-5,7,IDLE,very_low_cpu_activity_1h,0.0
idle-5,8,ACTIVE,low_cpu_activity_1h,0.0001025666788661
idle-5,9,IDLE,very_low_cpu_activity_1h,0.0
idle-6,0,IDLE,cpu_activity_None,
idle-6,1,IDLE,very_low_cpu_activity_1h,0.0
idle-6,2,IDLE,very_low_cpu_activity_1h,0.0
idle-6,3,ACTIVE,low_cpu_activity_1h,0.0001003089067989
idle-6,4,IDLE,very_low_cpu_activity_1h,0.0
idle-6,5,IDLE,very_low_cpu_activity_1h,0.0
idle-6,6,IDLE,very_low_cpu_activity_1h,0.0
idle-6,7,IDLE,very_low_cpu_activity_1h,0.0
idle-6,8,IDLE,very_low_cpu_activity_1h,0.0
idle-6,9,IDLE,very_low_cpu_activity_1h,0.0
idle-7,0,IDLE,cpu_activity_None,
idle-7,1,IDLE,very_low_cpu_activity_1h,0.0
idle-7,2,IDLE,very_low_cpu_activity_1h,0.0
idle-7,3,ACTIVE,low_cpu_activity_1h,0.0001002036097757
idle-7,4,IDLE,very_low_cpu_activity_1h,0.0
idle-7,5,IDLE,very_low_cpu_activity_1h,0.0
idle-7,6,IDLE,very_low_cpu_activity_1h,0.0
idle-7,7,IDLE,very_low_cpu_activity_1h,0.0
idle-7,8,IDLE,very_low_cpu_activity_1h,0.0
idle-7,9,IDLE,very_low_cpu_activity_1h,0.0
idle-8,0,IDLE,cpu_activity_None,
idle-8,1,IDLE,very_low_cpu_activity_1h,0.0
idle-8,2,IDLE,very_low_cpu_activity_1h,0.0
idle-8,3,IDLE,very_low_cpu_activity_1h,0.0
idle-8,4,IDLE,very_low_cpu_activity_1h,0.0
idle-8,5,IDLE,very_low_cpu_activity_1h,0.0
idle-8,6,ACTIVE,low_cpu_activity_1h,0.0001052637174218
idle-8,7,IDLE,very_low_cpu_activity_1h,0.0
idle-8,8,IDLE,very_low_cpu_activity_1h,0.0
idle-8,9,IDLE,very_low_cpu_activity_1h,0.0
idle-9,0,IDLE,cpu_activity_None,
idle-9,1,ACTIVE,low_cpu_activity_1h,9.979720768949756e-05
idle-9,2,IDLE,very_low_cpu_activity_1h,0.0
idle-9,3,IDLE,very_low_cpu_activity_1h,0.0
idle-9,4,IDLE,very_low_cpu_activity_1h,0.0
idle-9,5,IDLE,very_low_cpu_activity_1h,0.0
idle-9,6,IDLE,very_low_cpu_activity_1h,0.0
idle-9,7,IDLE,very_low_cpu_activity_1h,0.0
idle-9,8,IDLE,very_low_cpu_activity_1h,0.0
idle-9,9,IDLE,very_low_cpu_activity_1h,0.0
